0 verbose cli C:\Program Files\nodejs\node.exe C:\Users\Albaloo\AppData\Roaming\npm\node_modules\npm\bin\npm-cli.js
1 info using npm@11.17.0
2 info using node@v24.16.0
3 silly config load:file:C:\Users\Albaloo\AppData\Roaming\npm\node_modules\npm\npmrc
4 silly config load:file:D:\GitHub\dentotime\frontend\.npmrc
5 silly config load:file:C:\Users\Albaloo\.npmrc
6 silly config load:file:C:\Users\Albaloo\AppData\Roaming\npm\etc\npmrc
7 verbose title npm ci
8 verbose argv "ci" "--cache" "D:\\GitHub\\dentotime\\.npm-cache" "--no-audit" "--no-fund"
9 verbose logfile logs-max:10 dir:D:\GitHub\dentotime\.npm-cache\_logs\2026-08-13T15_58_10_994Z-
10 verbose logfile D:\GitHub\dentotime\.npm-cache\_logs\2026-08-13T15_58_10_994Z-debug-0.log
11 silly logfile done cleaning log files
12 silly packumentCache heap:4496293888 maxSize:1124073472 maxEntrySize:562036736
13 silly packumentCache heap:4496293888 maxSize:1124073472 maxEntrySize:562036736
14 silly idealTree buildDeps
15 http fetch GET 200 https://registry.npmjs.org/npm 1797ms
16 silly reify moves {}
17 http cache zod-to-json-schema@https://package-mirror.liara.ir/repository/npm/zod-to-json-schema/-/zod-to-json-schema-3.25.2.tgz 0ms (cache hit)
18 http cache zod-validation-error@https://package-mirror.liara.ir/repository/npm/zod-validation-error/-/zod-validation-error-4.0.2.tgz 0ms (cache hit)
19 http cache zustand@https://package-mirror.liara.ir/repository/npm/zustand/-/zustand-5.0.14.tgz 0ms (cache hit)
20 http cache yallist@https://package-mirror.liara.ir/repository/npm/yallist/-/yallist-3.1.1.tgz 0ms (cache hit)
21 http cache yoctocolors@https://package-mirror.liara.ir/repository/npm/yoctocolors/-/yoctocolors-2.1.2.tgz 1ms (cache hit)
22 http cache yocto-spinner@https://package-mirror.liara.ir/repository/npm/yocto-spinner/-/yocto-spinner-1.2.0.tgz 0ms (cache hit)
23 http cache yocto-queue@https://package-mirror.liara.ir/repository/npm/yocto-queue/-/yocto-queue-0.1.0.tgz 0ms (cache hit)
24 http cache wsl-utils@https://package-mirror.liara.ir/repository/npm/wsl-utils/-/wsl-utils-0.3.1.tgz 0ms (cache hit)
25 http cache wrappy@https://package-mirror.liara.ir/repository/npm/wrappy/-/wrappy-1.0.2.tgz 0ms (cache hit)
26 http cache zod@https://package-mirror.liara.ir/repository/npm/zod/-/zod-4.4.3.tgz 0ms (cache hit)
27 http cache which-collection@https://package-mirror.liara.ir/repository/npm/which-collection/-/which-collection-1.0.2.tgz 0ms (cache hit)
28 http cache word-wrap@https://package-mirror.liara.ir/repository/npm/word-wrap/-/word-wrap-1.2.5.tgz 0ms (cache hit)
29 http cache which-typed-array@https://package-mirror.liara.ir/repository/npm/which-typed-array/-/which-typed-array-1.1.22.tgz 0ms (cache hit)
30 http cache which-builtin-type@https://package-mirror.liara.ir/repository/npm/which-builtin-type/-/which-builtin-type-1.2.1.tgz 0ms (cache hit)
31 http cache which@https://package-mirror.liara.ir/repository/npm/which/-/which-2.0.2.tgz 0ms (cache hit)
32 http cache which-boxed-primitive@https://package-mirror.liara.ir/repository/npm/which-boxed-primitive/-/which-boxed-primitive-1.1.1.tgz 0ms (cache hit)
33 http cache util-deprecate@https://package-mirror.liara.ir/repository/npm/util-deprecate/-/util-deprecate-1.0.2.tgz 0ms (cache hit)
34 http cache validate-npm-package-name@https://package-mirror.liara.ir/repository/npm/validate-npm-package-name/-/validate-npm-package-name-7.0.2.tgz 0ms (cache hit)
35 http cache use-callback-ref@https://package-mirror.liara.ir/repository/npm/use-callback-ref/-/use-callback-ref-1.3.3.tgz 0ms (cache hit)
36 http cache vary@https://package-mirror.liara.ir/repository/npm/vary/-/vary-1.1.2.tgz 0ms (cache hit)
37 http cache use-sidecar@https://package-mirror.liara.ir/repository/npm/use-sidecar/-/use-sidecar-1.1.3.tgz 0ms (cache hit)
38 http cache uri-js@https://package-mirror.liara.ir/repository/npm/uri-js/-/uri-js-4.4.1.tgz 0ms (cache hit)
39 http cache update-browserslist-db@https://package-mirror.liara.ir/repository/npm/update-browserslist-db/-/update-browserslist-db-1.2.3.tgz 0ms (cache hit)
40 http cache unpipe@https://package-mirror.liara.ir/repository/npm/unpipe/-/unpipe-1.0.0.tgz 0ms (cache hit)
41 http cache universalify@https://package-mirror.liara.ir/repository/npm/universalify/-/universalify-2.0.1.tgz 0ms (cache hit)
42 http cache unrs-resolver@https://package-mirror.liara.ir/repository/npm/unrs-resolver/-/unrs-resolver-1.12.2.tgz 0ms (cache hit)
43 http cache undici-types@https://package-mirror.liara.ir/repository/npm/undici-types/-/undici-types-6.21.0.tgz 0ms (cache hit)
44 http cache unicorn-magic@https://package-mirror.liara.ir/repository/npm/unicorn-magic/-/unicorn-magic-0.3.0.tgz 0ms (cache hit)
45 http cache unbox-primitive@https://package-mirror.liara.ir/repository/npm/unbox-primitive/-/unbox-primitive-1.1.0.tgz 0ms (cache hit)
46 http cache typescript-eslint@https://package-mirror.liara.ir/repository/npm/typescript-eslint/-/typescript-eslint-8.61.0.tgz 0ms (cache hit)
47 http cache typed-array-length@https://package-mirror.liara.ir/repository/npm/typed-array-length/-/typed-array-length-1.0.8.tgz 0ms (cache hit)
48 http cache typed-array-byte-length@https://package-mirror.liara.ir/repository/npm/typed-array-byte-length/-/typed-array-byte-length-1.0.3.tgz 0ms (cache hit)
49 http cache typed-array-buffer@https://package-mirror.liara.ir/repository/npm/typed-array-buffer/-/typed-array-buffer-1.0.3.tgz 0ms (cache hit)
50 http cache typescript@https://package-mirror.liara.ir/repository/npm/typescript/-/typescript-5.9.3.tgz 0ms (cache hit)
51 http cache typed-array-byte-offset@https://package-mirror.liara.ir/repository/npm/typed-array-byte-offset/-/typed-array-byte-offset-1.0.4.tgz 0ms (cache hit)
52 http cache type-is@https://package-mirror.liara.ir/repository/npm/type-is/-/type-is-2.1.0.tgz 0ms (cache hit)
53 http cache tw-animate-css@https://package-mirror.liara.ir/repository/npm/tw-animate-css/-/tw-animate-css-1.4.0.tgz 0ms (cache hit)
54 http cache type-check@https://package-mirror.liara.ir/repository/npm/type-check/-/type-check-0.4.0.tgz 0ms (cache hit)
55 http cache tslib@https://package-mirror.liara.ir/repository/npm/tslib/-/tslib-2.8.1.tgz 0ms (cache hit)
56 http cache ts-morph@https://package-mirror.liara.ir/repository/npm/ts-morph/-/ts-morph-26.0.0.tgz 0ms (cache hit)
57 http cache tsconfig-paths@https://package-mirror.liara.ir/repository/npm/tsconfig-paths/-/tsconfig-paths-3.15.0.tgz 0ms (cache hit)
58 http cache to-regex-range@https://package-mirror.liara.ir/repository/npm/to-regex-range/-/to-regex-range-5.0.1.tgz 0ms (cache hit)
59 http cache undici@https://registry.npmjs.org/undici/-/undici-7.29.0.tgz 0ms (cache hit)
60 http cache ts-api-utils@https://package-mirror.liara.ir/repository/npm/ts-api-utils/-/ts-api-utils-2.5.0.tgz 0ms (cache hit)
61 http cache tiny-invariant@https://package-mirror.liara.ir/repository/npm/tiny-invariant/-/tiny-invariant-1.3.3.tgz 0ms (cache hit)
62 http cache tinyglobby@https://package-mirror.liara.ir/repository/npm/tinyglobby/-/tinyglobby-0.2.17.tgz 0ms (cache hit)
63 http cache tapable@https://package-mirror.liara.ir/repository/npm/tapable/-/tapable-2.3.3.tgz 0ms (cache hit)
64 http cache tailwindcss@https://package-mirror.liara.ir/repository/npm/tailwindcss/-/tailwindcss-4.3.1.tgz 0ms (cache hit)
65 http cache tailwind-merge@https://package-mirror.liara.ir/repository/npm/tailwind-merge/-/tailwind-merge-3.6.0.tgz 0ms (cache hit)
66 http cache supports-preserve-symlinks-flag@https://package-mirror.liara.ir/repository/npm/supports-preserve-symlinks-flag/-/supports-preserve-symlinks-flag-1.0.0.tgz 0ms (cache hit)
67 http cache toidentifier@https://package-mirror.liara.ir/repository/npm/toidentifier/-/toidentifier-1.0.1.tgz 0ms (cache hit)
68 http cache styled-jsx@https://package-mirror.liara.ir/repository/npm/styled-jsx/-/styled-jsx-5.1.6.tgz 0ms (cache hit)
69 http cache supports-color@https://package-mirror.liara.ir/repository/npm/supports-color/-/supports-color-7.2.0.tgz 0ms (cache hit)
70 http cache stringify-object@https://package-mirror.liara.ir/repository/npm/stringify-object/-/stringify-object-5.0.0.tgz 0ms (cache hit)
71 http cache strip-final-newline@https://package-mirror.liara.ir/repository/npm/strip-final-newline/-/strip-final-newline-4.0.0.tgz 0ms (cache hit)
72 http cache strip-json-comments@https://package-mirror.liara.ir/repository/npm/strip-json-comments/-/strip-json-comments-3.1.1.tgz 0ms (cache hit)
73 http cache strip-bom@https://package-mirror.liara.ir/repository/npm/strip-bom/-/strip-bom-3.0.0.tgz 0ms (cache hit)
74 http cache string.prototype.trimstart@https://package-mirror.liara.ir/repository/npm/string.prototype.trimstart/-/string.prototype.trimstart-1.0.8.tgz 0ms (cache hit)
75 http cache strip-ansi@https://package-mirror.liara.ir/repository/npm/strip-ansi/-/strip-ansi-6.0.1.tgz 0ms (cache hit)
76 http cache string.prototype.trimend@https://package-mirror.liara.ir/repository/npm/string.prototype.trimend/-/string.prototype.trimend-1.0.9.tgz 0ms (cache hit)
77 http cache string.prototype.includes@https://package-mirror.liara.ir/repository/npm/string.prototype.includes/-/string.prototype.includes-2.0.1.tgz 0ms (cache hit)
78 http cache string.prototype.matchall@https://package-mirror.liara.ir/repository/npm/string.prototype.matchall/-/string.prototype.matchall-4.0.12.tgz 0ms (cache hit)
79 http cache string.prototype.trim@https://package-mirror.liara.ir/repository/npm/string.prototype.trim/-/string.prototype.trim-1.2.10.tgz 0ms (cache hit)
80 http cache string.prototype.repeat@https://package-mirror.liara.ir/repository/npm/string.prototype.repeat/-/string.prototype.repeat-1.0.0.tgz 0ms (cache hit)
81 http cache string-width@https://package-mirror.liara.ir/repository/npm/string-width/-/string-width-7.2.0.tgz 0ms (cache hit)
82 http cache stdin-discarder@https://package-mirror.liara.ir/repository/npm/stdin-discarder/-/stdin-discarder-0.2.2.tgz 0ms (cache hit)
83 http cache stable-hash@https://package-mirror.liara.ir/repository/npm/stable-hash/-/stable-hash-0.0.5.tgz 0ms (cache hit)
84 http cache stop-iteration-iterator@https://package-mirror.liara.ir/repository/npm/stop-iteration-iterator/-/stop-iteration-iterator-1.1.0.tgz 0ms (cache hit)
85 http cache source-map@https://package-mirror.liara.ir/repository/npm/source-map/-/source-map-0.6.1.tgz 0ms (cache hit)
86 http cache statuses@https://package-mirror.liara.ir/repository/npm/statuses/-/statuses-2.0.2.tgz 0ms (cache hit)
87 http cache source-map-js@https://package-mirror.liara.ir/repository/npm/source-map-js/-/source-map-js-1.2.1.tgz 0ms (cache hit)
88 http cache socks@https://registry.npmjs.org/socks/-/socks-2.8.9.tgz 0ms (cache hit)
89 http cache sisteransi@https://package-mirror.liara.ir/repository/npm/sisteransi/-/sisteransi-1.0.5.tgz 0ms (cache hit)
90 http cache sonner@https://package-mirror.liara.ir/repository/npm/sonner/-/sonner-2.0.7.tgz 0ms (cache hit)
91 http cache smart-buffer@https://registry.npmjs.org/smart-buffer/-/smart-buffer-4.2.0.tgz 0ms (cache hit)
92 http cache side-channel-weakmap@https://package-mirror.liara.ir/repository/npm/side-channel-weakmap/-/side-channel-weakmap-1.0.2.tgz 0ms (cache hit)
93 http cache signal-exit@https://package-mirror.liara.ir/repository/npm/signal-exit/-/signal-exit-4.1.0.tgz 0ms (cache hit)
94 http cache side-channel-list@https://package-mirror.liara.ir/repository/npm/side-channel-list/-/side-channel-list-1.0.1.tgz 0ms (cache hit)
95 http cache side-channel-map@https://package-mirror.liara.ir/repository/npm/side-channel-map/-/side-channel-map-1.0.1.tgz 0ms (cache hit)
96 http cache shebang-regex@https://package-mirror.liara.ir/repository/npm/shebang-regex/-/shebang-regex-3.0.0.tgz 0ms (cache hit)
97 http cache shadcn@https://registry.npmjs.org/shadcn/-/shadcn-4.17.0.tgz 0ms (cache hit)
98 http cache shebang-command@https://package-mirror.liara.ir/repository/npm/shebang-command/-/shebang-command-2.0.0.tgz 0ms (cache hit)
99 http cache sharp@https://registry.npmjs.org/sharp/-/sharp-0.35.3.tgz 0ms (cache hit)
100 http cache side-channel@https://package-mirror.liara.ir/repository/npm/side-channel/-/side-channel-1.1.0.tgz 0ms (cache hit)
101 http cache setprototypeof@https://package-mirror.liara.ir/repository/npm/setprototypeof/-/setprototypeof-1.2.0.tgz 0ms (cache hit)
102 http cache set-proto@https://package-mirror.liara.ir/repository/npm/set-proto/-/set-proto-1.0.0.tgz 0ms (cache hit)
103 http cache set-function-name@https://package-mirror.liara.ir/repository/npm/set-function-name/-/set-function-name-2.0.2.tgz 0ms (cache hit)
104 http cache send@https://package-mirror.liara.ir/repository/npm/send/-/send-1.2.1.tgz 0ms (cache hit)
105 http cache serve-static@https://package-mirror.liara.ir/repository/npm/serve-static/-/serve-static-2.2.1.tgz 0ms (cache hit)
106 http cache set-function-length@https://package-mirror.liara.ir/repository/npm/set-function-length/-/set-function-length-1.2.2.tgz 0ms (cache hit)
107 http cache safer-buffer@https://package-mirror.liara.ir/repository/npm/safer-buffer/-/safer-buffer-2.1.2.tgz 0ms (cache hit)
108 http cache semver@https://package-mirror.liara.ir/repository/npm/semver/-/semver-6.3.1.tgz 0ms (cache hit)
109 http cache safe-push-apply@https://package-mirror.liara.ir/repository/npm/safe-push-apply/-/safe-push-apply-1.0.0.tgz 0ms (cache hit)
110 http cache safe-regex-test@https://package-mirror.liara.ir/repository/npm/safe-regex-test/-/safe-regex-test-1.1.0.tgz 0ms (cache hit)
111 http cache scheduler@https://package-mirror.liara.ir/repository/npm/scheduler/-/scheduler-0.27.0.tgz 0ms (cache hit)
112 http cache run-parallel@https://package-mirror.liara.ir/repository/npm/run-parallel/-/run-parallel-1.2.0.tgz 0ms (cache hit)
113 http cache run-applescript@https://package-mirror.liara.ir/repository/npm/run-applescript/-/run-applescript-7.1.0.tgz 0ms (cache hit)
114 http cache safe-array-concat@https://package-mirror.liara.ir/repository/npm/safe-array-concat/-/safe-array-concat-1.1.4.tgz 0ms (cache hit)
115 http cache restore-cursor@https://package-mirror.liara.ir/repository/npm/restore-cursor/-/restore-cursor-5.1.0.tgz 0ms (cache hit)
116 http cache resolve-from@https://package-mirror.liara.ir/repository/npm/resolve-from/-/resolve-from-4.0.0.tgz 0ms (cache hit)
117 http cache reusify@https://package-mirror.liara.ir/repository/npm/reusify/-/reusify-1.1.0.tgz 0ms (cache hit)
118 http cache resolve-pkg-maps@https://package-mirror.liara.ir/repository/npm/resolve-pkg-maps/-/resolve-pkg-maps-1.0.0.tgz 0ms (cache hit)
119 http cache require-from-string@https://package-mirror.liara.ir/repository/npm/require-from-string/-/require-from-string-2.0.2.tgz 0ms (cache hit)
120 http cache router@https://package-mirror.liara.ir/repository/npm/router/-/router-2.2.0.tgz 0ms (cache hit)
121 http cache recast@https://package-mirror.liara.ir/repository/npm/recast/-/recast-0.23.11.tgz 0ms (cache hit)
122 http cache reflect.getprototypeof@https://package-mirror.liara.ir/repository/npm/reflect.getprototypeof/-/reflect.getprototypeof-1.0.10.tgz 0ms (cache hit)
123 http cache regexp.prototype.flags@https://package-mirror.liara.ir/repository/npm/regexp.prototype.flags/-/regexp.prototype.flags-1.5.4.tgz 0ms (cache hit)
124 http cache react-style-singleton@https://package-mirror.liara.ir/repository/npm/react-style-singleton/-/react-style-singleton-2.2.3.tgz 0ms (cache hit)
125 http cache resolve@https://package-mirror.liara.ir/repository/npm/resolve/-/resolve-2.0.0-next.7.tgz 0ms (cache hit)
126 http cache react-is@https://package-mirror.liara.ir/repository/npm/react-is/-/react-is-16.13.1.tgz 0ms (cache hit)
127 http cache react-hook-form@https://package-mirror.liara.ir/repository/npm/react-hook-form/-/react-hook-form-7.79.0.tgz 0ms (cache hit)
128 http cache react-remove-scroll-bar@https://package-mirror.liara.ir/repository/npm/react-remove-scroll-bar/-/react-remove-scroll-bar-2.3.8.tgz 0ms (cache hit)
129 http cache react-remove-scroll@https://package-mirror.liara.ir/repository/npm/react-remove-scroll/-/react-remove-scroll-2.7.2.tgz 0ms (cache hit)
130 http cache react-easy-crop@https://package-mirror.liara.ir/repository/npm/react-easy-crop/-/react-easy-crop-6.0.2.tgz 0ms (cache hit)
131 http cache react-dom@https://registry.npmjs.org/react-dom/-/react-dom-19.2.8.tgz 0ms (cache hit)
132 http cache radix-ui@https://package-mirror.liara.ir/repository/npm/radix-ui/-/radix-ui-1.5.0.tgz 0ms (cache hit)
133 http cache range-parser@https://package-mirror.liara.ir/repository/npm/range-parser/-/range-parser-1.2.1.tgz 1ms (cache hit)
134 http cache raw-body@https://package-mirror.liara.ir/repository/npm/raw-body/-/raw-body-3.0.2.tgz 0ms (cache hit)
135 http cache react@https://registry.npmjs.org/react/-/react-19.2.8.tgz 0ms (cache hit)
136 http cache qs@https://package-mirror.liara.ir/repository/npm/qs/-/qs-6.15.2.tgz 0ms (cache hit)
137 http cache punycode@https://package-mirror.liara.ir/repository/npm/punycode/-/punycode-2.3.1.tgz 0ms (cache hit)
138 http cache prop-types@https://package-mirror.liara.ir/repository/npm/prop-types/-/prop-types-15.8.1.tgz 0ms (cache hit)
139 http cache proxy-from-env@https://package-mirror.liara.ir/repository/npm/proxy-from-env/-/proxy-from-env-2.1.0.tgz 0ms (cache hit)
140 http cache prompts@https://package-mirror.liara.ir/repository/npm/prompts/-/prompts-2.4.2.tgz 0ms (cache hit)
141 http cache proxy-addr@https://package-mirror.liara.ir/repository/npm/proxy-addr/-/proxy-addr-2.0.7.tgz 0ms (cache hit)
142 http cache pretty-ms@https://package-mirror.liara.ir/repository/npm/pretty-ms/-/pretty-ms-9.3.0.tgz 0ms (cache hit)
143 http cache prelude-ls@https://package-mirror.liara.ir/repository/npm/prelude-ls/-/prelude-ls-1.2.1.tgz 0ms (cache hit)
144 http cache queue-microtask@https://package-mirror.liara.ir/repository/npm/queue-microtask/-/queue-microtask-1.2.3.tgz 0ms (cache hit)
145 http cache powershell-utils@https://package-mirror.liara.ir/repository/npm/powershell-utils/-/powershell-utils-0.1.0.tgz 0ms (cache hit)
146 http cache postcss@https://package-mirror.liara.ir/repository/npm/postcss/-/postcss-8.5.15.tgz 0ms (cache hit)
147 http cache postcss-selector-parser@https://package-mirror.liara.ir/repository/npm/postcss-selector-parser/-/postcss-selector-parser-7.1.4.tgz 0ms (cache hit)
148 http cache pkce-challenge@https://package-mirror.liara.ir/repository/npm/pkce-challenge/-/pkce-challenge-5.0.1.tgz 0ms (cache hit)
149 http cache possible-typed-array-names@https://package-mirror.liara.ir/repository/npm/possible-typed-array-names/-/possible-typed-array-names-1.1.0.tgz 0ms (cache hit)
150 http cache picomatch@https://package-mirror.liara.ir/repository/npm/picomatch/-/picomatch-2.3.2.tgz 0ms (cache hit)
151 http cache picocolors@https://package-mirror.liara.ir/repository/npm/picocolors/-/picocolors-1.1.1.tgz 0ms (cache hit)
152 http cache path-to-regexp@https://package-mirror.liara.ir/repository/npm/path-to-regexp/-/path-to-regexp-8.4.2.tgz 0ms (cache hit)
153 http cache path-browserify@https://package-mirror.liara.ir/repository/npm/path-browserify/-/path-browserify-1.0.1.tgz 0ms (cache hit)
154 http cache path-exists@https://package-mirror.liara.ir/repository/npm/path-exists/-/path-exists-4.0.0.tgz 0ms (cache hit)
155 http cache path-parse@https://package-mirror.liara.ir/repository/npm/path-parse/-/path-parse-1.0.7.tgz 1ms (cache hit)
156 http cache parseurl@https://package-mirror.liara.ir/repository/npm/parseurl/-/parseurl-1.3.3.tgz 0ms (cache hit)
157 http cache parse-json@https://package-mirror.liara.ir/repository/npm/parse-json/-/parse-json-5.2.0.tgz 0ms (cache hit)
158 http cache path-key@https://package-mirror.liara.ir/repository/npm/path-key/-/path-key-3.1.1.tgz 0ms (cache hit)
159 http cache own-keys@https://package-mirror.liara.ir/repository/npm/own-keys/-/own-keys-1.0.1.tgz 0ms (cache hit)
160 http cache p-locate@https://package-mirror.liara.ir/repository/npm/p-locate/-/p-locate-5.0.0.tgz 0ms (cache hit)
161 http cache parse-ms@https://package-mirror.liara.ir/repository/npm/parse-ms/-/parse-ms-4.0.0.tgz 0ms (cache hit)
162 http cache ora@https://package-mirror.liara.ir/repository/npm/ora/-/ora-8.2.0.tgz 0ms (cache hit)
163 http cache parent-module@https://package-mirror.liara.ir/repository/npm/parent-module/-/parent-module-1.0.1.tgz 0ms (cache hit)
164 http cache p-limit@https://package-mirror.liara.ir/repository/npm/p-limit/-/p-limit-3.1.0.tgz 0ms (cache hit)
165 http cache onetime@https://package-mirror.liara.ir/repository/npm/onetime/-/onetime-7.0.0.tgz 0ms (cache hit)
166 http cache optionator@https://package-mirror.liara.ir/repository/npm/optionator/-/optionator-0.9.4.tgz 0ms (cache hit)
167 http cache once@https://package-mirror.liara.ir/repository/npm/once/-/once-1.4.0.tgz 0ms (cache hit)
168 http cache on-finished@https://package-mirror.liara.ir/repository/npm/on-finished/-/on-finished-2.4.1.tgz 0ms (cache hit)
169 http cache object.values@https://package-mirror.liara.ir/repository/npm/object.values/-/object.values-1.2.1.tgz 0ms (cache hit)
170 http cache object.groupby@https://package-mirror.liara.ir/repository/npm/object.groupby/-/object.groupby-1.0.3.tgz 0ms (cache hit)
171 http cache object.fromentries@https://package-mirror.liara.ir/repository/npm/object.fromentries/-/object.fromentries-2.0.8.tgz 0ms (cache hit)
172 http cache object.assign@https://package-mirror.liara.ir/repository/npm/object.assign/-/object.assign-4.1.7.tgz 0ms (cache hit)
173 http cache object-treeify@https://package-mirror.liara.ir/repository/npm/object-treeify/-/object-treeify-1.1.33.tgz 0ms (cache hit)
174 http cache object.entries@https://package-mirror.liara.ir/repository/npm/object.entries/-/object.entries-1.1.9.tgz 0ms (cache hit)
175 http cache object-keys@https://package-mirror.liara.ir/repository/npm/object-keys/-/object-keys-1.1.1.tgz 0ms (cache hit)
176 http cache object-inspect@https://package-mirror.liara.ir/repository/npm/object-inspect/-/object-inspect-1.13.4.tgz 0ms (cache hit)
177 http cache open@https://package-mirror.liara.ir/repository/npm/open/-/open-11.0.0.tgz 0ms (cache hit)
178 http cache normalize-wheel@https://package-mirror.liara.ir/repository/npm/normalize-wheel/-/normalize-wheel-1.0.1.tgz 0ms (cache hit)
179 http cache node-releases@https://package-mirror.liara.ir/repository/npm/node-releases/-/node-releases-2.0.47.tgz 0ms (cache hit)
180 http cache object-assign@https://package-mirror.liara.ir/repository/npm/object-assign/-/object-assign-4.1.1.tgz 0ms (cache hit)
181 http cache next-themes@https://package-mirror.liara.ir/repository/npm/next-themes/-/next-themes-0.4.6.tgz 0ms (cache hit)
182 http cache npm-run-path@https://package-mirror.liara.ir/repository/npm/npm-run-path/-/npm-run-path-6.0.0.tgz 0ms (cache hit)
183 http cache node-exports-info@https://package-mirror.liara.ir/repository/npm/node-exports-info/-/node-exports-info-1.6.0.tgz 0ms (cache hit)
184 http cache napi-postinstall@https://package-mirror.liara.ir/repository/npm/napi-postinstall/-/napi-postinstall-0.3.4.tgz 0ms (cache hit)
185 http cache next@https://registry.npmjs.org/next/-/next-16.3.0.tgz 0ms (cache hit)
186 http cache natural-compare@https://package-mirror.liara.ir/repository/npm/natural-compare/-/natural-compare-1.4.0.tgz 0ms (cache hit)
187 http cache nanoid@https://registry.npmjs.org/nanoid/-/nanoid-3.3.18.tgz 0ms (cache hit)
188 http cache negotiator@https://package-mirror.liara.ir/repository/npm/negotiator/-/negotiator-1.0.0.tgz 0ms (cache hit)
189 http cache motion-utils@https://package-mirror.liara.ir/repository/npm/motion-utils/-/motion-utils-12.39.0.tgz 0ms (cache hit)
190 http cache minimist@https://package-mirror.liara.ir/repository/npm/minimist/-/minimist-1.2.8.tgz 0ms (cache hit)
191 http cache ms@https://package-mirror.liara.ir/repository/npm/ms/-/ms-2.1.3.tgz 0ms (cache hit)
192 http cache mimic-function@https://package-mirror.liara.ir/repository/npm/mimic-function/-/mimic-function-5.0.1.tgz 0ms (cache hit)
193 http cache motion-dom@https://package-mirror.liara.ir/repository/npm/motion-dom/-/motion-dom-12.42.2.tgz 0ms (cache hit)
194 http cache minimatch@https://package-mirror.liara.ir/repository/npm/minimatch/-/minimatch-3.1.5.tgz 0ms (cache hit)
195 http cache mimic-fn@https://package-mirror.liara.ir/repository/npm/mimic-fn/-/mimic-fn-2.1.0.tgz 0ms (cache hit)
196 http cache mime-types@https://package-mirror.liara.ir/repository/npm/mime-types/-/mime-types-3.0.2.tgz 0ms (cache hit)
197 http cache mime-db@https://package-mirror.liara.ir/repository/npm/mime-db/-/mime-db-1.54.0.tgz 0ms (cache hit)
198 http cache merge2@https://package-mirror.liara.ir/repository/npm/merge2/-/merge2-1.4.1.tgz 0ms (cache hit)
199 http cache micromatch@https://package-mirror.liara.ir/repository/npm/micromatch/-/micromatch-4.0.8.tgz 0ms (cache hit)
200 http cache merge-stream@https://package-mirror.liara.ir/repository/npm/merge-stream/-/merge-stream-2.0.0.tgz 0ms (cache hit)
201 http cache media-typer@https://package-mirror.liara.ir/repository/npm/media-typer/-/media-typer-1.1.0.tgz 0ms (cache hit)
202 http cache math-intrinsics@https://package-mirror.liara.ir/repository/npm/math-intrinsics/-/math-intrinsics-1.1.0.tgz 0ms (cache hit)
203 http cache merge-descriptors@https://package-mirror.liara.ir/repository/npm/merge-descriptors/-/merge-descriptors-2.0.0.tgz 0ms (cache hit)
204 http cache magic-string@https://package-mirror.liara.ir/repository/npm/magic-string/-/magic-string-0.30.21.tgz 0ms (cache hit)
205 http cache lru-cache@https://package-mirror.liara.ir/repository/npm/lru-cache/-/lru-cache-5.1.1.tgz 0ms (cache hit)
206 http cache loose-envify@https://package-mirror.liara.ir/repository/npm/loose-envify/-/loose-envify-1.4.0.tgz 0ms (cache hit)
207 http cache lucide-react@https://package-mirror.liara.ir/repository/npm/lucide-react/-/lucide-react-1.21.0.tgz 0ms (cache hit)
208 http cache lodash.merge@https://package-mirror.liara.ir/repository/npm/lodash.merge/-/lodash.merge-4.6.2.tgz 0ms (cache hit)
209 http cache locate-path@https://package-mirror.liara.ir/repository/npm/locate-path/-/locate-path-6.0.0.tgz 0ms (cache hit)
210 http cache log-symbols@https://package-mirror.liara.ir/repository/npm/log-symbols/-/log-symbols-6.0.0.tgz 0ms (cache hit)
211 http cache lightningcss-win32-x64-msvc@https://package-mirror.liara.ir/repository/npm/lightningcss-win32-x64-msvc/-/lightningcss-win32-x64-msvc-1.32.0.tgz 0ms (cache hit)
212 http cache lines-and-columns@https://package-mirror.liara.ir/repository/npm/lines-and-columns/-/lines-and-columns-1.2.4.tgz 0ms (cache hit)
213 http cache lightningcss@https://package-mirror.liara.ir/repository/npm/lightningcss/-/lightningcss-1.32.0.tgz 1ms (cache hit)
214 http cache language-subtag-registry@https://package-mirror.liara.ir/repository/npm/language-subtag-registry/-/language-subtag-registry-0.3.23.tgz 0ms (cache hit)
215 http cache levn@https://package-mirror.liara.ir/repository/npm/levn/-/levn-0.4.1.tgz 0ms (cache hit)
216 http cache language-tags@https://package-mirror.liara.ir/repository/npm/language-tags/-/language-tags-1.0.9.tgz 0ms (cache hit)
217 http cache keyv@https://package-mirror.liara.ir/repository/npm/keyv/-/keyv-4.5.4.tgz 0ms (cache hit)
218 http cache kleur@https://package-mirror.liara.ir/repository/npm/kleur/-/kleur-4.1.5.tgz 0ms (cache hit)
219 http cache jsonfile@https://package-mirror.liara.ir/repository/npm/jsonfile/-/jsonfile-6.2.1.tgz 0ms (cache hit)
220 http cache json5@https://package-mirror.liara.ir/repository/npm/json5/-/json5-2.2.3.tgz 0ms (cache hit)
221 http cache jsx-ast-utils@https://package-mirror.liara.ir/repository/npm/jsx-ast-utils/-/jsx-ast-utils-3.3.5.tgz 0ms (cache hit)
222 http cache json-stable-stringify-without-jsonify@https://package-mirror.liara.ir/repository/npm/json-stable-stringify-without-jsonify/-/json-stable-stringify-without-jsonify-1.0.1.tgz 0ms (cache hit)
223 http cache json-schema-typed@https://package-mirror.liara.ir/repository/npm/json-schema-typed/-/json-schema-typed-8.0.2.tgz 0ms (cache hit)
224 http cache jsesc@https://package-mirror.liara.ir/repository/npm/jsesc/-/jsesc-3.1.0.tgz 0ms (cache hit)
225 http cache json-parse-even-better-errors@https://package-mirror.liara.ir/repository/npm/json-parse-even-better-errors/-/json-parse-even-better-errors-2.3.1.tgz 0ms (cache hit)
226 http cache json-schema-traverse@https://package-mirror.liara.ir/repository/npm/json-schema-traverse/-/json-schema-traverse-0.4.1.tgz 0ms (cache hit)
227 http cache json-buffer@https://package-mirror.liara.ir/repository/npm/json-buffer/-/json-buffer-3.0.1.tgz 0ms (cache hit)
228 http cache js-tokens@https://package-mirror.liara.ir/repository/npm/js-tokens/-/js-tokens-4.0.0.tgz 0ms (cache hit)
229 http cache jose@https://package-mirror.liara.ir/repository/npm/jose/-/jose-6.2.3.tgz 0ms (cache hit)
230 http cache js-yaml@https://package-mirror.liara.ir/repository/npm/js-yaml/-/js-yaml-4.2.0.tgz 0ms (cache hit)
231 http cache jiti@https://package-mirror.liara.ir/repository/npm/jiti/-/jiti-2.7.0.tgz 0ms (cache hit)
232 http cache iterator.prototype@https://package-mirror.liara.ir/repository/npm/iterator.prototype/-/iterator.prototype-1.1.5.tgz 0ms (cache hit)
233 http cache isexe@https://package-mirror.liara.ir/repository/npm/isexe/-/isexe-2.0.0.tgz 0ms (cache hit)
234 http cache isarray@https://package-mirror.liara.ir/repository/npm/isarray/-/isarray-2.0.5.tgz 0ms (cache hit)
235 http cache is-wsl@https://package-mirror.liara.ir/repository/npm/is-wsl/-/is-wsl-3.1.1.tgz 0ms (cache hit)
236 http cache is-weakmap@https://package-mirror.liara.ir/repository/npm/is-weakmap/-/is-weakmap-2.0.2.tgz 0ms (cache hit)
237 http cache is-weakref@https://package-mirror.liara.ir/repository/npm/is-weakref/-/is-weakref-1.1.1.tgz 0ms (cache hit)
238 http cache is-weakset@https://package-mirror.liara.ir/repository/npm/is-weakset/-/is-weakset-2.0.4.tgz 0ms (cache hit)
239 http cache is-typed-array@https://package-mirror.liara.ir/repository/npm/is-typed-array/-/is-typed-array-1.1.15.tgz 0ms (cache hit)
240 http cache is-string@https://package-mirror.liara.ir/repository/npm/is-string/-/is-string-1.1.1.tgz 0ms (cache hit)
241 http cache is-shared-array-buffer@https://package-mirror.liara.ir/repository/npm/is-shared-array-buffer/-/is-shared-array-buffer-1.0.4.tgz 0ms (cache hit)
242 http cache is-symbol@https://package-mirror.liara.ir/repository/npm/is-symbol/-/is-symbol-1.1.1.tgz 0ms (cache hit)
243 http cache is-stream@https://package-mirror.liara.ir/repository/npm/is-stream/-/is-stream-4.0.1.tgz 0ms (cache hit)
244 http cache is-unicode-supported@https://package-mirror.liara.ir/repository/npm/is-unicode-supported/-/is-unicode-supported-2.1.0.tgz 0ms (cache hit)
245 http cache is-set@https://package-mirror.liara.ir/repository/npm/is-set/-/is-set-2.0.3.tgz 0ms (cache hit)
246 http cache is-regex@https://package-mirror.liara.ir/repository/npm/is-regex/-/is-regex-1.2.1.tgz 0ms (cache hit)
247 http cache is-regexp@https://package-mirror.liara.ir/repository/npm/is-regexp/-/is-regexp-3.1.0.tgz 0ms (cache hit)
248 http cache is-number-object@https://package-mirror.liara.ir/repository/npm/is-number-object/-/is-number-object-1.1.1.tgz 0ms (cache hit)
249 http cache is-promise@https://package-mirror.liara.ir/repository/npm/is-promise/-/is-promise-4.0.0.tgz 0ms (cache hit)
250 http cache is-plain-obj@https://package-mirror.liara.ir/repository/npm/is-plain-obj/-/is-plain-obj-4.1.0.tgz 0ms (cache hit)
251 http cache is-obj@https://package-mirror.liara.ir/repository/npm/is-obj/-/is-obj-3.0.0.tgz 0ms (cache hit)
252 http cache is-negative-zero@https://package-mirror.liara.ir/repository/npm/is-negative-zero/-/is-negative-zero-2.0.3.tgz 0ms (cache hit)
253 http cache is-number@https://package-mirror.liara.ir/repository/npm/is-number/-/is-number-7.0.0.tgz 0ms (cache hit)
254 http cache is-interactive@https://package-mirror.liara.ir/repository/npm/is-interactive/-/is-interactive-2.0.0.tgz 0ms (cache hit)
255 http cache is-in-ssh@https://package-mirror.liara.ir/repository/npm/is-in-ssh/-/is-in-ssh-1.0.0.tgz 0ms (cache hit)
256 http cache is-glob@https://package-mirror.liara.ir/repository/npm/is-glob/-/is-glob-4.0.3.tgz 0ms (cache hit)
257 http cache is-map@https://package-mirror.liara.ir/repository/npm/is-map/-/is-map-2.0.3.tgz 0ms (cache hit)
258 http cache is-inside-container@https://package-mirror.liara.ir/repository/npm/is-inside-container/-/is-inside-container-1.0.0.tgz 0ms (cache hit)
259 http cache is-generator-function@https://package-mirror.liara.ir/repository/npm/is-generator-function/-/is-generator-function-1.1.2.tgz 0ms (cache hit)
260 http cache is-finalizationregistry@https://package-mirror.liara.ir/repository/npm/is-finalizationregistry/-/is-finalizationregistry-1.1.1.tgz 0ms (cache hit)
261 http cache is-docker@https://package-mirror.liara.ir/repository/npm/is-docker/-/is-docker-3.0.0.tgz 0ms (cache hit)
262 http cache is-data-view@https://package-mirror.liara.ir/repository/npm/is-data-view/-/is-data-view-1.0.2.tgz 0ms (cache hit)
263 http cache is-extglob@https://package-mirror.liara.ir/repository/npm/is-extglob/-/is-extglob-2.1.1.tgz 0ms (cache hit)
264 http cache is-date-object@https://package-mirror.liara.ir/repository/npm/is-date-object/-/is-date-object-1.1.0.tgz 0ms (cache hit)
265 http cache is-callable@https://package-mirror.liara.ir/repository/npm/is-callable/-/is-callable-1.2.7.tgz 0ms (cache hit)
266 http cache is-core-module@https://package-mirror.liara.ir/repository/npm/is-core-module/-/is-core-module-2.16.2.tgz 0ms (cache hit)
267 http cache is-boolean-object@https://package-mirror.liara.ir/repository/npm/is-boolean-object/-/is-boolean-object-1.2.2.tgz 0ms (cache hit)
268 http cache is-async-function@https://package-mirror.liara.ir/repository/npm/is-async-function/-/is-async-function-2.1.1.tgz 0ms (cache hit)
269 http cache is-bun-module@https://package-mirror.liara.ir/repository/npm/is-bun-module/-/is-bun-module-2.0.0.tgz 0ms (cache hit)
270 http cache is-arrayish@https://package-mirror.liara.ir/repository/npm/is-arrayish/-/is-arrayish-0.2.1.tgz 0ms (cache hit)
271 http cache is-bigint@https://package-mirror.liara.ir/repository/npm/is-bigint/-/is-bigint-1.1.0.tgz 0ms (cache hit)
272 http cache ip-address@https://package-mirror.liara.ir/repository/npm/ip-address/-/ip-address-10.2.0.tgz 0ms (cache hit)
273 http cache is-array-buffer@https://package-mirror.liara.ir/repository/npm/is-array-buffer/-/is-array-buffer-3.0.5.tgz 0ms (cache hit)
274 http cache ipaddr.js@https://package-mirror.liara.ir/repository/npm/ipaddr.js/-/ipaddr.js-1.9.1.tgz 0ms (cache hit)
275 http cache internal-slot@https://package-mirror.liara.ir/repository/npm/internal-slot/-/internal-slot-1.1.0.tgz 0ms (cache hit)
276 http cache inherits@https://package-mirror.liara.ir/repository/npm/inherits/-/inherits-2.0.4.tgz 0ms (cache hit)
277 http cache import-fresh@https://package-mirror.liara.ir/repository/npm/import-fresh/-/import-fresh-3.3.1.tgz 0ms (cache hit)
278 http cache imurmurhash@https://package-mirror.liara.ir/repository/npm/imurmurhash/-/imurmurhash-0.1.4.tgz 0ms (cache hit)
279 http cache iconv-lite@https://package-mirror.liara.ir/repository/npm/iconv-lite/-/iconv-lite-0.7.2.tgz 0ms (cache hit)
280 http cache ignore@https://package-mirror.liara.ir/repository/npm/ignore/-/ignore-5.3.2.tgz 0ms (cache hit)
281 http cache human-signals@https://package-mirror.liara.ir/repository/npm/human-signals/-/human-signals-8.0.1.tgz 0ms (cache hit)
282 http cache hono@https://package-mirror.liara.ir/repository/npm/hono/-/hono-4.12.25.tgz 0ms (cache hit)
283 http cache http-errors@https://package-mirror.liara.ir/repository/npm/http-errors/-/http-errors-2.0.1.tgz 0ms (cache hit)
284 http cache hermes-parser@https://package-mirror.liara.ir/repository/npm/hermes-parser/-/hermes-parser-0.25.1.tgz 0ms (cache hit)
285 http cache hermes-estree@https://package-mirror.liara.ir/repository/npm/hermes-estree/-/hermes-estree-0.25.1.tgz 0ms (cache hit)
286 http cache has-tostringtag@https://package-mirror.liara.ir/repository/npm/has-tostringtag/-/has-tostringtag-1.0.2.tgz 0ms (cache hit)
287 http cache hasown@https://package-mirror.liara.ir/repository/npm/hasown/-/hasown-2.0.4.tgz 0ms (cache hit)
288 http cache has-property-descriptors@https://package-mirror.liara.ir/repository/npm/has-property-descriptors/-/has-property-descriptors-1.0.2.tgz 0ms (cache hit)
289 http cache has-proto@https://package-mirror.liara.ir/repository/npm/has-proto/-/has-proto-1.2.0.tgz 0ms (cache hit)
290 http cache has-symbols@https://package-mirror.liara.ir/repository/npm/has-symbols/-/has-symbols-1.1.0.tgz 0ms (cache hit)
291 http cache has-flag@https://package-mirror.liara.ir/repository/npm/has-flag/-/has-flag-4.0.0.tgz 0ms (cache hit)
292 http cache gopd@https://package-mirror.liara.ir/repository/npm/gopd/-/gopd-1.2.0.tgz 0ms (cache hit)
293 http cache has-bigints@https://package-mirror.liara.ir/repository/npm/has-bigints/-/has-bigints-1.1.0.tgz 0ms (cache hit)
294 http cache globalthis@https://package-mirror.liara.ir/repository/npm/globalthis/-/globalthis-1.0.4.tgz 0ms (cache hit)
295 http cache graceful-fs@https://package-mirror.liara.ir/repository/npm/graceful-fs/-/graceful-fs-4.2.11.tgz 0ms (cache hit)
296 http cache globals@https://package-mirror.liara.ir/repository/npm/globals/-/globals-14.0.0.tgz 0ms (cache hit)
297 http cache glob-parent@https://package-mirror.liara.ir/repository/npm/glob-parent/-/glob-parent-6.0.2.tgz 0ms (cache hit)
298 http cache get-symbol-description@https://package-mirror.liara.ir/repository/npm/get-symbol-description/-/get-symbol-description-1.1.0.tgz 0ms (cache hit)
299 http cache get-tsconfig@https://package-mirror.liara.ir/repository/npm/get-tsconfig/-/get-tsconfig-4.14.0.tgz 0ms (cache hit)
300 http cache get-stream@https://package-mirror.liara.ir/repository/npm/get-stream/-/get-stream-9.0.1.tgz 0ms (cache hit)
301 http cache get-intrinsic@https://package-mirror.liara.ir/repository/npm/get-intrinsic/-/get-intrinsic-1.3.0.tgz 0ms (cache hit)
302 http cache get-own-enumerable-keys@https://package-mirror.liara.ir/repository/npm/get-own-enumerable-keys/-/get-own-enumerable-keys-1.0.0.tgz 0ms (cache hit)
303 http cache get-proto@https://package-mirror.liara.ir/repository/npm/get-proto/-/get-proto-1.0.1.tgz 0ms (cache hit)
304 http cache gensync@https://package-mirror.liara.ir/repository/npm/gensync/-/gensync-1.0.0-beta.2.tgz 0ms (cache hit)
305 http cache get-nonce@https://package-mirror.liara.ir/repository/npm/get-nonce/-/get-nonce-1.0.1.tgz 0ms (cache hit)
306 http cache generator-function@https://package-mirror.liara.ir/repository/npm/generator-function/-/generator-function-2.0.1.tgz 0ms (cache hit)
307 http cache function.prototype.name@https://package-mirror.liara.ir/repository/npm/function.prototype.name/-/function.prototype.name-1.1.8.tgz 0ms (cache hit)
308 http cache get-east-asian-width@https://package-mirror.liara.ir/repository/npm/get-east-asian-width/-/get-east-asian-width-1.6.0.tgz 0ms (cache hit)
309 http cache function-bind@https://package-mirror.liara.ir/repository/npm/function-bind/-/function-bind-1.1.2.tgz 0ms (cache hit)
310 http cache fuzzysort@https://package-mirror.liara.ir/repository/npm/fuzzysort/-/fuzzysort-3.1.0.tgz 0ms (cache hit)
311 http cache functions-have-names@https://package-mirror.liara.ir/repository/npm/functions-have-names/-/functions-have-names-1.2.3.tgz 0ms (cache hit)
312 http cache fresh@https://package-mirror.liara.ir/repository/npm/fresh/-/fresh-2.0.0.tgz 0ms (cache hit)
313 http cache fs-extra@https://package-mirror.liara.ir/repository/npm/fs-extra/-/fs-extra-11.3.5.tgz 0ms (cache hit)
314 http cache forwarded@https://package-mirror.liara.ir/repository/npm/forwarded/-/forwarded-0.2.0.tgz 0ms (cache hit)
315 http cache form-data@https://package-mirror.liara.ir/repository/npm/form-data/-/form-data-4.0.6.tgz 0ms (cache hit)
316 http cache follow-redirects@https://package-mirror.liara.ir/repository/npm/follow-redirects/-/follow-redirects-1.16.0.tgz 0ms (cache hit)
317 http cache framer-motion@https://package-mirror.liara.ir/repository/npm/framer-motion/-/framer-motion-12.42.2.tgz 0ms (cache hit)
318 http cache for-each@https://package-mirror.liara.ir/repository/npm/for-each/-/for-each-0.3.5.tgz 0ms (cache hit)
319 http cache flatted@https://package-mirror.liara.ir/repository/npm/flatted/-/flatted-3.4.2.tgz 0ms (cache hit)
320 http cache flat-cache@https://package-mirror.liara.ir/repository/npm/flat-cache/-/flat-cache-4.0.1.tgz 0ms (cache hit)
321 http cache find-up@https://package-mirror.liara.ir/repository/npm/find-up/-/find-up-5.0.0.tgz 0ms (cache hit)
322 http cache finalhandler@https://package-mirror.liara.ir/repository/npm/finalhandler/-/finalhandler-2.1.1.tgz 0ms (cache hit)
323 http cache file-entry-cache@https://package-mirror.liara.ir/repository/npm/file-entry-cache/-/file-entry-cache-8.0.0.tgz 0ms (cache hit)
324 http cache fill-range@https://package-mirror.liara.ir/repository/npm/fill-range/-/fill-range-7.1.1.tgz 0ms (cache hit)
325 http cache fastq@https://package-mirror.liara.ir/repository/npm/fastq/-/fastq-1.20.1.tgz 0ms (cache hit)
326 http cache fast-uri@https://package-mirror.liara.ir/repository/npm/fast-uri/-/fast-uri-3.1.2.tgz 1ms (cache hit)
327 http cache fast-glob@https://registry.npmjs.org/fast-glob/-/fast-glob-3.3.1.tgz 0ms (cache hit)
328 http cache figures@https://package-mirror.liara.ir/repository/npm/figures/-/figures-6.1.0.tgz 0ms (cache hit)
329 http cache fast-json-stable-stringify@https://package-mirror.liara.ir/repository/npm/fast-json-stable-stringify/-/fast-json-stable-stringify-2.1.0.tgz 0ms (cache hit)
330 http cache fast-deep-equal@https://package-mirror.liara.ir/repository/npm/fast-deep-equal/-/fast-deep-equal-3.1.3.tgz 0ms (cache hit)
331 http cache fast-levenshtein@https://package-mirror.liara.ir/repository/npm/fast-levenshtein/-/fast-levenshtein-2.0.6.tgz 0ms (cache hit)
332 http cache express-rate-limit@https://package-mirror.liara.ir/repository/npm/express-rate-limit/-/express-rate-limit-8.5.2.tgz 0ms (cache hit)
333 http cache execa@https://package-mirror.liara.ir/repository/npm/execa/-/execa-9.6.1.tgz 0ms (cache hit)
334 http cache express@https://package-mirror.liara.ir/repository/npm/express/-/express-5.2.1.tgz 0ms (cache hit)
335 http cache eventsource@https://package-mirror.liara.ir/repository/npm/eventsource/-/eventsource-3.0.7.tgz 0ms (cache hit)
336 http cache eventsource-parser@https://package-mirror.liara.ir/repository/npm/eventsource-parser/-/eventsource-parser-3.1.0.tgz 0ms (cache hit)
337 http cache etag@https://package-mirror.liara.ir/repository/npm/etag/-/etag-1.8.1.tgz 0ms (cache hit)
338 http cache esrecurse@https://package-mirror.liara.ir/repository/npm/esrecurse/-/esrecurse-4.3.0.tgz 0ms (cache hit)
339 http cache estraverse@https://package-mirror.liara.ir/repository/npm/estraverse/-/estraverse-5.3.0.tgz 0ms (cache hit)
340 http cache esutils@https://package-mirror.liara.ir/repository/npm/esutils/-/esutils-2.0.3.tgz 0ms (cache hit)
341 http cache esquery@https://package-mirror.liara.ir/repository/npm/esquery/-/esquery-1.7.0.tgz 0ms (cache hit)
342 http cache esprima@https://package-mirror.liara.ir/repository/npm/esprima/-/esprima-4.0.1.tgz 0ms (cache hit)
343 http cache espree@https://package-mirror.liara.ir/repository/npm/espree/-/espree-10.4.0.tgz 0ms (cache hit)
344 http cache eslint-scope@https://package-mirror.liara.ir/repository/npm/eslint-scope/-/eslint-scope-8.4.0.tgz 0ms (cache hit)
345 http cache eslint-plugin-react-hooks@https://package-mirror.liara.ir/repository/npm/eslint-plugin-react-hooks/-/eslint-plugin-react-hooks-7.1.1.tgz 0ms (cache hit)
346 http cache eslint-visitor-keys@https://package-mirror.liara.ir/repository/npm/eslint-visitor-keys/-/eslint-visitor-keys-4.2.1.tgz 0ms (cache hit)
347 http cache eslint-plugin-react@https://package-mirror.liara.ir/repository/npm/eslint-plugin-react/-/eslint-plugin-react-7.37.5.tgz 0ms (cache hit)
348 http cache eslint-module-utils@https://package-mirror.liara.ir/repository/npm/eslint-module-utils/-/eslint-module-utils-2.13.0.tgz 0ms (cache hit)
349 http cache eslint-plugin-jsx-a11y@https://package-mirror.liara.ir/repository/npm/eslint-plugin-jsx-a11y/-/eslint-plugin-jsx-a11y-6.10.2.tgz 0ms (cache hit)
350 http cache eslint-import-resolver-typescript@https://package-mirror.liara.ir/repository/npm/eslint-import-resolver-typescript/-/eslint-import-resolver-typescript-3.10.1.tgz 0ms (cache hit)
351 http cache eslint@https://package-mirror.liara.ir/repository/npm/eslint/-/eslint-9.39.4.tgz 0ms (cache hit)
352 http cache eslint-plugin-import@https://package-mirror.liara.ir/repository/npm/eslint-plugin-import/-/eslint-plugin-import-2.32.0.tgz 0ms (cache hit)
353 http cache escape-string-regexp@https://package-mirror.liara.ir/repository/npm/escape-string-regexp/-/escape-string-regexp-4.0.0.tgz 0ms (cache hit)
354 http cache escape-html@https://package-mirror.liara.ir/repository/npm/escape-html/-/escape-html-1.0.3.tgz 0ms (cache hit)
355 http cache es-to-primitive@https://package-mirror.liara.ir/repository/npm/es-to-primitive/-/es-to-primitive-1.3.0.tgz 0ms (cache hit)
356 http cache eslint-config-next@https://registry.npmjs.org/eslint-config-next/-/eslint-config-next-16.3.0.tgz 0ms (cache hit)
357 http cache eslint-import-resolver-node@https://package-mirror.liara.ir/repository/npm/eslint-import-resolver-node/-/eslint-import-resolver-node-0.3.10.tgz 0ms (cache hit)
358 http cache es-shim-unscopables@https://package-mirror.liara.ir/repository/npm/es-shim-unscopables/-/es-shim-unscopables-1.1.0.tgz 0ms (cache hit)
359 http cache escalade@https://package-mirror.liara.ir/repository/npm/escalade/-/escalade-3.2.0.tgz 0ms (cache hit)
360 http cache es-iterator-helpers@https://package-mirror.liara.ir/repository/npm/es-iterator-helpers/-/es-iterator-helpers-1.3.3.tgz 0ms (cache hit)
361 http cache es-set-tostringtag@https://package-mirror.liara.ir/repository/npm/es-set-tostringtag/-/es-set-tostringtag-2.1.0.tgz 0ms (cache hit)
362 http cache es-object-atoms@https://package-mirror.liara.ir/repository/npm/es-object-atoms/-/es-object-atoms-1.1.2.tgz 0ms (cache hit)
363 http cache error-ex@https://package-mirror.liara.ir/repository/npm/error-ex/-/error-ex-1.3.4.tgz 0ms (cache hit)
364 http cache es-errors@https://package-mirror.liara.ir/repository/npm/es-errors/-/es-errors-1.3.0.tgz 0ms (cache hit)
365 http cache es-abstract@https://package-mirror.liara.ir/repository/npm/es-abstract/-/es-abstract-1.24.2.tgz 0ms (cache hit)
366 http cache es-define-property@https://package-mirror.liara.ir/repository/npm/es-define-property/-/es-define-property-1.0.1.tgz 0ms (cache hit)
367 http cache enquirer@https://package-mirror.liara.ir/repository/npm/enquirer/-/enquirer-2.4.1.tgz 0ms (cache hit)
368 http cache env-paths@https://package-mirror.liara.ir/repository/npm/env-paths/-/env-paths-2.2.1.tgz 0ms (cache hit)
369 http cache electron-to-chromium@https://package-mirror.liara.ir/repository/npm/electron-to-chromium/-/electron-to-chromium-1.5.372.tgz 0ms (cache hit)
370 http cache emoji-regex@https://package-mirror.liara.ir/repository/npm/emoji-regex/-/emoji-regex-9.2.2.tgz 0ms (cache hit)
371 http cache ee-first@https://package-mirror.liara.ir/repository/npm/ee-first/-/ee-first-1.1.1.tgz 0ms (cache hit)
372 http cache encodeurl@https://package-mirror.liara.ir/repository/npm/encodeurl/-/encodeurl-2.0.0.tgz 0ms (cache hit)
373 http cache enhanced-resolve@https://package-mirror.liara.ir/repository/npm/enhanced-resolve/-/enhanced-resolve-5.21.6.tgz 0ms (cache hit)
374 http cache dunder-proto@https://package-mirror.liara.ir/repository/npm/dunder-proto/-/dunder-proto-1.0.1.tgz 0ms (cache hit)
375 http cache eciesjs@https://package-mirror.liara.ir/repository/npm/eciesjs/-/eciesjs-0.4.18.tgz 0ms (cache hit)
376 http cache dompurify@https://registry.npmjs.org/dompurify/-/dompurify-3.4.13.tgz 0ms (cache hit)
377 http cache doctrine@https://package-mirror.liara.ir/repository/npm/doctrine/-/doctrine-2.1.0.tgz 0ms (cache hit)
378 http cache diff@https://package-mirror.liara.ir/repository/npm/diff/-/diff-8.0.4.tgz 0ms (cache hit)
379 http cache detect-node-es@https://package-mirror.liara.ir/repository/npm/detect-node-es/-/detect-node-es-1.1.0.tgz 0ms (cache hit)
380 http cache dotenv@https://package-mirror.liara.ir/repository/npm/dotenv/-/dotenv-17.4.2.tgz 0ms (cache hit)
381 http cache detect-libc@https://package-mirror.liara.ir/repository/npm/detect-libc/-/detect-libc-2.1.2.tgz 0ms (cache hit)
382 http cache delayed-stream@https://package-mirror.liara.ir/repository/npm/delayed-stream/-/delayed-stream-1.0.0.tgz 0ms (cache hit)
383 http cache depd@https://package-mirror.liara.ir/repository/npm/depd/-/depd-2.0.0.tgz 0ms (cache hit)
384 http cache define-lazy-prop@https://package-mirror.liara.ir/repository/npm/define-lazy-prop/-/define-lazy-prop-3.0.0.tgz 0ms (cache hit)
385 http cache define-data-property@https://package-mirror.liara.ir/repository/npm/define-data-property/-/define-data-property-1.1.4.tgz 0ms (cache hit)
386 http cache define-properties@https://package-mirror.liara.ir/repository/npm/define-properties/-/define-properties-1.2.1.tgz 0ms (cache hit)
387 http cache default-browser-id@https://package-mirror.liara.ir/repository/npm/default-browser-id/-/default-browser-id-5.0.1.tgz 0ms (cache hit)
388 http cache default-browser@https://package-mirror.liara.ir/repository/npm/default-browser/-/default-browser-5.5.0.tgz 0ms (cache hit)
389 http cache deepmerge@https://package-mirror.liara.ir/repository/npm/deepmerge/-/deepmerge-4.3.1.tgz 0ms (cache hit)
390 http cache dedent@https://package-mirror.liara.ir/repository/npm/dedent/-/dedent-1.7.2.tgz 0ms (cache hit)
391 http cache debug@https://package-mirror.liara.ir/repository/npm/debug/-/debug-4.4.3.tgz 0ms (cache hit)
392 http cache deep-is@https://package-mirror.liara.ir/repository/npm/deep-is/-/deep-is-0.1.4.tgz 0ms (cache hit)
393 http cache date-fns@https://package-mirror.liara.ir/repository/npm/date-fns/-/date-fns-4.4.0.tgz 0ms (cache hit)
394 http cache data-view-buffer@https://package-mirror.liara.ir/repository/npm/data-view-buffer/-/data-view-buffer-1.0.2.tgz 0ms (cache hit)
395 http cache data-view-byte-offset@https://package-mirror.liara.ir/repository/npm/data-view-byte-offset/-/data-view-byte-offset-1.0.1.tgz 0ms (cache hit)
396 http cache damerau-levenshtein@https://package-mirror.liara.ir/repository/npm/damerau-levenshtein/-/damerau-levenshtein-1.0.8.tgz 0ms (cache hit)
397 http cache data-view-byte-length@https://package-mirror.liara.ir/repository/npm/data-view-byte-length/-/data-view-byte-length-1.0.2.tgz 0ms (cache hit)
398 http cache date-fns-jalali@https://package-mirror.liara.ir/repository/npm/date-fns-jalali/-/date-fns-jalali-4.4.0-0.tgz 0ms (cache hit)
399 http cache csstype@https://package-mirror.liara.ir/repository/npm/csstype/-/csstype-3.2.3.tgz 0ms (cache hit)
400 http cache cssesc@https://package-mirror.liara.ir/repository/npm/cssesc/-/cssesc-3.0.0.tgz 0ms (cache hit)
401 http cache cross-spawn@https://package-mirror.liara.ir/repository/npm/cross-spawn/-/cross-spawn-7.0.6.tgz 0ms (cache hit)
402 http cache cosmiconfig@https://package-mirror.liara.ir/repository/npm/cosmiconfig/-/cosmiconfig-9.0.2.tgz 0ms (cache hit)
403 http cache cors@https://package-mirror.liara.ir/repository/npm/cors/-/cors-2.8.6.tgz 0ms (cache hit)
404 http cache convert-source-map@https://package-mirror.liara.ir/repository/npm/convert-source-map/-/convert-source-map-2.0.0.tgz 0ms (cache hit)
405 http cache cookie-signature@https://package-mirror.liara.ir/repository/npm/cookie-signature/-/cookie-signature-1.2.2.tgz 0ms (cache hit)
406 http cache content-type@https://package-mirror.liara.ir/repository/npm/content-type/-/content-type-1.0.5.tgz 0ms (cache hit)
407 http cache content-disposition@https://package-mirror.liara.ir/repository/npm/content-disposition/-/content-disposition-1.1.0.tgz 0ms (cache hit)
408 http cache cookie@https://package-mirror.liara.ir/repository/npm/cookie/-/cookie-0.7.2.tgz 0ms (cache hit)
409 http cache concat-map@https://package-mirror.liara.ir/repository/npm/concat-map/-/concat-map-0.0.1.tgz 0ms (cache hit)
410 http cache commander@https://package-mirror.liara.ir/repository/npm/commander/-/commander-14.0.3.tgz 0ms (cache hit)
411 http cache color-name@https://package-mirror.liara.ir/repository/npm/color-name/-/color-name-1.1.4.tgz 0ms (cache hit)
412 http cache combined-stream@https://package-mirror.liara.ir/repository/npm/combined-stream/-/combined-stream-1.0.8.tgz 0ms (cache hit)
413 http cache color-convert@https://package-mirror.liara.ir/repository/npm/color-convert/-/color-convert-2.0.1.tgz 0ms (cache hit)
414 http cache code-block-writer@https://package-mirror.liara.ir/repository/npm/code-block-writer/-/code-block-writer-13.0.3.tgz 0ms (cache hit)
415 http cache clsx@https://package-mirror.liara.ir/repository/npm/clsx/-/clsx-2.1.1.tgz 0ms (cache hit)
416 http cache client-only@https://package-mirror.liara.ir/repository/npm/client-only/-/client-only-0.0.1.tgz 0ms (cache hit)
417 http cache cli-spinners@https://package-mirror.liara.ir/repository/npm/cli-spinners/-/cli-spinners-2.9.2.tgz 0ms (cache hit)
418 http cache cli-cursor@https://package-mirror.liara.ir/repository/npm/cli-cursor/-/cli-cursor-5.0.0.tgz 0ms (cache hit)
419 http cache class-variance-authority@https://package-mirror.liara.ir/repository/npm/class-variance-authority/-/class-variance-authority-0.7.1.tgz 0ms (cache hit)
420 http cache chalk@https://package-mirror.liara.ir/repository/npm/chalk/-/chalk-4.1.2.tgz 0ms (cache hit)
421 http cache caniuse-lite@https://package-mirror.liara.ir/repository/npm/caniuse-lite/-/caniuse-lite-1.0.30001799.tgz 0ms (cache hit)
422 http cache call-bound@https://package-mirror.liara.ir/repository/npm/call-bound/-/call-bound-1.0.4.tgz 1ms (cache hit)
423 http cache call-bind-apply-helpers@https://package-mirror.liara.ir/repository/npm/call-bind-apply-helpers/-/call-bind-apply-helpers-1.0.2.tgz 0ms (cache hit)
424 http cache callsites@https://package-mirror.liara.ir/repository/npm/callsites/-/callsites-3.1.0.tgz 0ms (cache hit)
425 http cache call-bind@https://package-mirror.liara.ir/repository/npm/call-bind/-/call-bind-1.0.9.tgz 0ms (cache hit)
426 http cache bytes@https://package-mirror.liara.ir/repository/npm/bytes/-/bytes-3.1.2.tgz 0ms (cache hit)
427 http cache bundle-name@https://package-mirror.liara.ir/repository/npm/bundle-name/-/bundle-name-4.1.0.tgz 0ms (cache hit)
428 http cache brace-expansion@https://package-mirror.liara.ir/repository/npm/brace-expansion/-/brace-expansion-1.1.15.tgz 0ms (cache hit)
429 http cache browserslist@https://package-mirror.liara.ir/repository/npm/browserslist/-/browserslist-4.28.2.tgz 0ms (cache hit)
430 http cache braces@https://package-mirror.liara.ir/repository/npm/braces/-/braces-3.0.3.tgz 0ms (cache hit)
431 http cache body-parser@https://package-mirror.liara.ir/repository/npm/body-parser/-/body-parser-2.2.2.tgz 0ms (cache hit)
432 http cache baseline-browser-mapping@https://package-mirror.liara.ir/repository/npm/baseline-browser-mapping/-/baseline-browser-mapping-2.10.37.tgz 0ms (cache hit)
433 http cache axios@https://registry.npmjs.org/axios/-/axios-1.19.0.tgz 0ms (cache hit)
434 http cache balanced-match@https://package-mirror.liara.ir/repository/npm/balanced-match/-/balanced-match-1.0.2.tgz 0ms (cache hit)
435 http cache axobject-query@https://package-mirror.liara.ir/repository/npm/axobject-query/-/axobject-query-4.1.0.tgz 0ms (cache hit)
436 http cache available-typed-arrays@https://package-mirror.liara.ir/repository/npm/available-typed-arrays/-/available-typed-arrays-1.0.7.tgz 0ms (cache hit)
437 http cache axe-core@https://package-mirror.liara.ir/repository/npm/axe-core/-/axe-core-4.12.1.tgz 0ms (cache hit)
438 http cache asynckit@https://package-mirror.liara.ir/repository/npm/asynckit/-/asynckit-0.4.0.tgz 1ms (cache hit)
439 http cache ast-types-flow@https://package-mirror.liara.ir/repository/npm/ast-types-flow/-/ast-types-flow-0.0.8.tgz 0ms (cache hit)
440 http cache arraybuffer.prototype.slice@https://package-mirror.liara.ir/repository/npm/arraybuffer.prototype.slice/-/arraybuffer.prototype.slice-1.0.4.tgz 0ms (cache hit)
441 http cache async-function@https://package-mirror.liara.ir/repository/npm/async-function/-/async-function-1.0.0.tgz 0ms (cache hit)
442 http cache ast-types@https://package-mirror.liara.ir/repository/npm/ast-types/-/ast-types-0.16.1.tgz 0ms (cache hit)
443 http cache array.prototype.flatmap@https://package-mirror.liara.ir/repository/npm/array.prototype.flatmap/-/array.prototype.flatmap-1.3.3.tgz 0ms (cache hit)
444 http cache array.prototype.findlastindex@https://package-mirror.liara.ir/repository/npm/array.prototype.findlastindex/-/array.prototype.findlastindex-1.2.6.tgz 0ms (cache hit)
445 http cache array.prototype.flat@https://package-mirror.liara.ir/repository/npm/array.prototype.flat/-/array.prototype.flat-1.3.3.tgz 0ms (cache hit)
446 http cache array.prototype.tosorted@https://package-mirror.liara.ir/repository/npm/array.prototype.tosorted/-/array.prototype.tosorted-1.1.4.tgz 0ms (cache hit)
447 http cache array.prototype.findlast@https://package-mirror.liara.ir/repository/npm/array.prototype.findlast/-/array.prototype.findlast-1.2.5.tgz 0ms (cache hit)
448 http cache array-includes@https://package-mirror.liara.ir/repository/npm/array-includes/-/array-includes-3.1.9.tgz 0ms (cache hit)
449 http cache aria-query@https://package-mirror.liara.ir/repository/npm/aria-query/-/aria-query-5.3.2.tgz 0ms (cache hit)
450 http cache aria-hidden@https://package-mirror.liara.ir/repository/npm/aria-hidden/-/aria-hidden-1.2.6.tgz 0ms (cache hit)
451 http cache array-buffer-byte-length@https://package-mirror.liara.ir/repository/npm/array-buffer-byte-length/-/array-buffer-byte-length-1.0.2.tgz 0ms (cache hit)
452 http cache ansi-styles@https://package-mirror.liara.ir/repository/npm/ansi-styles/-/ansi-styles-4.3.0.tgz 0ms (cache hit)
453 http cache argparse@https://package-mirror.liara.ir/repository/npm/argparse/-/argparse-2.0.1.tgz 0ms (cache hit)
454 http cache ansi-regex@https://package-mirror.liara.ir/repository/npm/ansi-regex/-/ansi-regex-5.0.1.tgz 0ms (cache hit)
455 http cache ajv-formats@https://package-mirror.liara.ir/repository/npm/ajv-formats/-/ajv-formats-3.0.1.tgz 0ms (cache hit)
456 http cache ajv@https://package-mirror.liara.ir/repository/npm/ajv/-/ajv-6.15.0.tgz 0ms (cache hit)
457 http cache ansi-colors@https://package-mirror.liara.ir/repository/npm/ansi-colors/-/ansi-colors-4.1.3.tgz 0ms (cache hit)
458 http cache acorn-jsx@https://package-mirror.liara.ir/repository/npm/acorn-jsx/-/acorn-jsx-5.3.2.tgz 0ms (cache hit)
459 http cache accepts@https://package-mirror.liara.ir/repository/npm/accepts/-/accepts-2.0.0.tgz 0ms (cache hit)
460 http cache acorn@https://package-mirror.liara.ir/repository/npm/acorn/-/acorn-8.16.0.tgz 0ms (cache hit)
461 http cache @typescript-eslint/visitor-keys@https://package-mirror.liara.ir/repository/npm/@typescript-eslint/visitor-keys/-/visitor-keys-8.61.0.tgz 0ms (cache hit)
462 http cache @typescript-eslint/utils@https://package-mirror.liara.ir/repository/npm/@typescript-eslint/utils/-/utils-8.61.0.tgz 0ms (cache hit)
463 http cache @unrs/resolver-binding-win32-x64-msvc@https://package-mirror.liara.ir/repository/npm/@unrs/resolver-binding-win32-x64-msvc/-/resolver-binding-win32-x64-msvc-1.12.2.tgz 0ms (cache hit)
464 http cache @typescript-eslint/typescript-estree@https://package-mirror.liara.ir/repository/npm/@typescript-eslint/typescript-estree/-/typescript-estree-8.61.0.tgz 0ms (cache hit)
465 http cache @typescript-eslint/types@https://package-mirror.liara.ir/repository/npm/@typescript-eslint/types/-/types-8.61.0.tgz 0ms (cache hit)
466 http cache @typescript-eslint/type-utils@https://package-mirror.liara.ir/repository/npm/@typescript-eslint/type-utils/-/type-utils-8.61.0.tgz 0ms (cache hit)
467 http cache @typescript-eslint/project-service@https://package-mirror.liara.ir/repository/npm/@typescript-eslint/project-service/-/project-service-8.61.0.tgz 0ms (cache hit)
468 http cache @types/validate-npm-package-name@https://package-mirror.liara.ir/repository/npm/@types/validate-npm-package-name/-/validate-npm-package-name-4.0.2.tgz 0ms (cache hit)
469 http cache @typescript-eslint/scope-manager@https://package-mirror.liara.ir/repository/npm/@typescript-eslint/scope-manager/-/scope-manager-8.61.0.tgz 0ms (cache hit)
470 http cache @types/react@https://package-mirror.liara.ir/repository/npm/@types/react/-/react-19.2.17.tgz 0ms (cache hit)
471 http cache @typescript-eslint/parser@https://package-mirror.liara.ir/repository/npm/@typescript-eslint/parser/-/parser-8.61.0.tgz 0ms (cache hit)
472 http cache @typescript-eslint/eslint-plugin@https://package-mirror.liara.ir/repository/npm/@typescript-eslint/eslint-plugin/-/eslint-plugin-8.61.0.tgz 0ms (cache hit)
473 http cache @typescript-eslint/tsconfig-utils@https://package-mirror.liara.ir/repository/npm/@typescript-eslint/tsconfig-utils/-/tsconfig-utils-8.61.0.tgz 0ms (cache hit)
474 http cache @types/node@https://package-mirror.liara.ir/repository/npm/@types/node/-/node-20.19.43.tgz 0ms (cache hit)
475 http cache @types/trusted-types@https://package-mirror.liara.ir/repository/npm/@types/trusted-types/-/trusted-types-2.0.7.tgz 0ms (cache hit)
476 http cache @types/json5@https://package-mirror.liara.ir/repository/npm/@types/json5/-/json5-0.0.29.tgz 0ms (cache hit)
477 http cache @types/react-dom@https://package-mirror.liara.ir/repository/npm/@types/react-dom/-/react-dom-19.2.3.tgz 0ms (cache hit)
478 http cache @types/estree@https://package-mirror.liara.ir/repository/npm/@types/estree/-/estree-1.0.9.tgz 0ms (cache hit)
479 http cache @tailwindcss/oxide@https://package-mirror.liara.ir/repository/npm/@tailwindcss/oxide/-/oxide-4.3.1.tgz 0ms (cache hit)
480 http cache @types/json-schema@https://package-mirror.liara.ir/repository/npm/@types/json-schema/-/json-schema-7.0.15.tgz 0ms (cache hit)
481 http cache @ts-morph/common@https://package-mirror.liara.ir/repository/npm/@ts-morph/common/-/common-0.27.0.tgz 0ms (cache hit)
482 http cache @swc/helpers@https://package-mirror.liara.ir/repository/npm/@swc/helpers/-/helpers-0.5.15.tgz 0ms (cache hit)
483 http cache @tailwindcss/node@https://package-mirror.liara.ir/repository/npm/@tailwindcss/node/-/node-4.3.1.tgz 0ms (cache hit)
484 http cache @tailwindcss/postcss@https://package-mirror.liara.ir/repository/npm/@tailwindcss/postcss/-/postcss-4.3.1.tgz 0ms (cache hit)
485 http cache @rtsao/scc@https://package-mirror.liara.ir/repository/npm/@rtsao/scc/-/scc-1.1.0.tgz 0ms (cache hit)
486 http cache @tailwindcss/oxide-win32-x64-msvc@https://package-mirror.liara.ir/repository/npm/@tailwindcss/oxide-win32-x64-msvc/-/oxide-win32-x64-msvc-4.3.1.tgz 0ms (cache hit)
487 http cache @standard-schema/utils@https://package-mirror.liara.ir/repository/npm/@standard-schema/utils/-/utils-0.3.0.tgz 0ms (cache hit)
488 http cache @sec-ant/readable-stream@https://package-mirror.liara.ir/repository/npm/@sec-ant/readable-stream/-/readable-stream-0.4.1.tgz 0ms (cache hit)
489 http cache @radix-ui/rect@https://package-mirror.liara.ir/repository/npm/@radix-ui/rect/-/rect-1.1.2.tgz 0ms (cache hit)
490 http cache @radix-ui/react-use-rect@https://package-mirror.liara.ir/repository/npm/@radix-ui/react-use-rect/-/react-use-rect-1.1.2.tgz 0ms (cache hit)
491 http cache @sindresorhus/merge-streams@https://package-mirror.liara.ir/repository/npm/@sindresorhus/merge-streams/-/merge-streams-4.0.0.tgz 0ms (cache hit)
492 http cache @radix-ui/react-visually-hidden@https://package-mirror.liara.ir/repository/npm/@radix-ui/react-visually-hidden/-/react-visually-hidden-1.2.5.tgz 0ms (cache hit)
493 http cache @radix-ui/react-use-size@https://package-mirror.liara.ir/repository/npm/@radix-ui/react-use-size/-/react-use-size-1.1.2.tgz 0ms (cache hit)
494 http cache @radix-ui/react-use-effect-event@https://package-mirror.liara.ir/repository/npm/@radix-ui/react-use-effect-event/-/react-use-effect-event-0.0.3.tgz 0ms (cache hit)
495 http cache @radix-ui/react-use-layout-effect@https://package-mirror.liara.ir/repository/npm/@radix-ui/react-use-layout-effect/-/react-use-layout-effect-1.1.2.tgz 0ms (cache hit)
496 http cache @radix-ui/react-use-is-hydrated@https://package-mirror.liara.ir/repository/npm/@radix-ui/react-use-is-hydrated/-/react-use-is-hydrated-0.1.1.tgz 0ms (cache hit)
497 http cache @radix-ui/react-use-previous@https://package-mirror.liara.ir/repository/npm/@radix-ui/react-use-previous/-/react-use-previous-1.1.2.tgz 0ms (cache hit)
498 http cache @radix-ui/react-use-callback-ref@https://package-mirror.liara.ir/repository/npm/@radix-ui/react-use-callback-ref/-/react-use-callback-ref-1.1.2.tgz 0ms (cache hit)
499 http cache @radix-ui/react-use-controllable-state@https://package-mirror.liara.ir/repository/npm/@radix-ui/react-use-controllable-state/-/react-use-controllable-state-1.2.3.tgz 0ms (cache hit)
500 http cache @radix-ui/react-tooltip@https://package-mirror.liara.ir/repository/npm/@radix-ui/react-tooltip/-/react-tooltip-1.2.9.tgz 0ms (cache hit)
501 http cache @radix-ui/react-toggle-group@https://package-mirror.liara.ir/repository/npm/@radix-ui/react-toggle-group/-/react-toggle-group-1.1.12.tgz 0ms (cache hit)
502 http cache @radix-ui/react-use-escape-keydown@https://package-mirror.liara.ir/repository/npm/@radix-ui/react-use-escape-keydown/-/react-use-escape-keydown-1.1.2.tgz 0ms (cache hit)
503 http cache @radix-ui/react-toggle@https://package-mirror.liara.ir/repository/npm/@radix-ui/react-toggle/-/react-toggle-1.1.11.tgz 0ms (cache hit)
504 http cache @radix-ui/react-toast@https://package-mirror.liara.ir/repository/npm/@radix-ui/react-toast/-/react-toast-1.2.16.tgz 0ms (cache hit)
505 http cache @radix-ui/react-slot@https://package-mirror.liara.ir/repository/npm/@radix-ui/react-slot/-/react-slot-1.2.5.tgz 0ms (cache hit)
506 http cache @radix-ui/react-toolbar@https://package-mirror.liara.ir/repository/npm/@radix-ui/react-toolbar/-/react-toolbar-1.1.12.tgz 0ms (cache hit)
507 http cache @radix-ui/react-tabs@https://package-mirror.liara.ir/repository/npm/@radix-ui/react-tabs/-/react-tabs-1.1.14.tgz 0ms (cache hit)
508 http cache @radix-ui/react-switch@https://package-mirror.liara.ir/repository/npm/@radix-ui/react-switch/-/react-switch-1.3.0.tgz 0ms (cache hit)
509 http cache @radix-ui/react-slider@https://package-mirror.liara.ir/repository/npm/@radix-ui/react-slider/-/react-slider-1.4.0.tgz 0ms (cache hit)
510 http cache @radix-ui/react-scroll-area@https://package-mirror.liara.ir/repository/npm/@radix-ui/react-scroll-area/-/react-scroll-area-1.2.11.tgz 0ms (cache hit)
511 http cache @radix-ui/react-select@https://package-mirror.liara.ir/repository/npm/@radix-ui/react-select/-/react-select-2.3.0.tgz 0ms (cache hit)
512 http cache @radix-ui/react-progress@https://package-mirror.liara.ir/repository/npm/@radix-ui/react-progress/-/react-progress-1.1.9.tgz 0ms (cache hit)
513 http cache @radix-ui/react-separator@https://package-mirror.liara.ir/repository/npm/@radix-ui/react-separator/-/react-separator-1.1.9.tgz 0ms (cache hit)
514 http cache @radix-ui/react-radio-group@https://package-mirror.liara.ir/repository/npm/@radix-ui/react-radio-group/-/react-radio-group-1.4.0.tgz 0ms (cache hit)
515 http cache @radix-ui/react-presence@https://package-mirror.liara.ir/repository/npm/@radix-ui/react-presence/-/react-presence-1.1.6.tgz 0ms (cache hit)
516 http cache @radix-ui/react-popover@https://package-mirror.liara.ir/repository/npm/@radix-ui/react-popover/-/react-popover-1.1.16.tgz 0ms (cache hit)
517 http cache @radix-ui/react-primitive@https://package-mirror.liara.ir/repository/npm/@radix-ui/react-primitive/-/react-primitive-2.1.5.tgz 0ms (cache hit)
518 http cache @radix-ui/react-popper@https://package-mirror.liara.ir/repository/npm/@radix-ui/react-popper/-/react-popper-1.3.0.tgz 0ms (cache hit)
519 http cache @radix-ui/react-roving-focus@https://package-mirror.liara.ir/repository/npm/@radix-ui/react-roving-focus/-/react-roving-focus-1.1.12.tgz 0ms (cache hit)
520 http cache @radix-ui/react-password-toggle-field@https://package-mirror.liara.ir/repository/npm/@radix-ui/react-password-toggle-field/-/react-password-toggle-field-0.1.4.tgz 0ms (cache hit)
521 http cache @radix-ui/react-one-time-password-field@https://package-mirror.liara.ir/repository/npm/@radix-ui/react-one-time-password-field/-/react-one-time-password-field-0.1.9.tgz 0ms (cache hit)
522 http cache @radix-ui/react-menubar@https://package-mirror.liara.ir/repository/npm/@radix-ui/react-menubar/-/react-menubar-1.1.17.tgz 0ms (cache hit)
523 http cache @radix-ui/react-navigation-menu@https://package-mirror.liara.ir/repository/npm/@radix-ui/react-navigation-menu/-/react-navigation-menu-1.2.15.tgz 0ms (cache hit)
524 http cache @radix-ui/react-hover-card@https://package-mirror.liara.ir/repository/npm/@radix-ui/react-hover-card/-/react-hover-card-1.1.16.tgz 0ms (cache hit)
525 http cache @radix-ui/react-label@https://package-mirror.liara.ir/repository/npm/@radix-ui/react-label/-/react-label-2.1.9.tgz 0ms (cache hit)
526 http cache @radix-ui/react-portal@https://package-mirror.liara.ir/repository/npm/@radix-ui/react-portal/-/react-portal-1.1.11.tgz 0ms (cache hit)
527 http cache @radix-ui/react-menu@https://package-mirror.liara.ir/repository/npm/@radix-ui/react-menu/-/react-menu-2.1.17.tgz 0ms (cache hit)
528 http cache @radix-ui/react-form@https://package-mirror.liara.ir/repository/npm/@radix-ui/react-form/-/react-form-0.1.9.tgz 0ms (cache hit)
529 http cache @radix-ui/react-id@https://package-mirror.liara.ir/repository/npm/@radix-ui/react-id/-/react-id-1.1.2.tgz 0ms (cache hit)
530 http cache @radix-ui/react-focus-scope@https://package-mirror.liara.ir/repository/npm/@radix-ui/react-focus-scope/-/react-focus-scope-1.1.9.tgz 0ms (cache hit)
531 http cache @radix-ui/react-dropdown-menu@https://package-mirror.liara.ir/repository/npm/@radix-ui/react-dropdown-menu/-/react-dropdown-menu-2.1.17.tgz 0ms (cache hit)
532 http cache @radix-ui/react-focus-guards@https://package-mirror.liara.ir/repository/npm/@radix-ui/react-focus-guards/-/react-focus-guards-1.1.4.tgz 0ms (cache hit)
533 http cache @radix-ui/react-dismissable-layer@https://package-mirror.liara.ir/repository/npm/@radix-ui/react-dismissable-layer/-/react-dismissable-layer-1.1.12.tgz 0ms (cache hit)
534 http cache @radix-ui/react-direction@https://package-mirror.liara.ir/repository/npm/@radix-ui/react-direction/-/react-direction-1.1.2.tgz 0ms (cache hit)
535 http cache @radix-ui/react-context@https://package-mirror.liara.ir/repository/npm/@radix-ui/react-context/-/react-context-1.1.4.tgz 0ms (cache hit)
536 http cache @radix-ui/react-context-menu@https://package-mirror.liara.ir/repository/npm/@radix-ui/react-context-menu/-/react-context-menu-2.3.0.tgz 0ms (cache hit)
537 http cache @radix-ui/react-checkbox@https://package-mirror.liara.ir/repository/npm/@radix-ui/react-checkbox/-/react-checkbox-1.3.4.tgz 0ms (cache hit)
538 http cache @radix-ui/react-dialog@https://package-mirror.liara.ir/repository/npm/@radix-ui/react-dialog/-/react-dialog-1.1.16.tgz 0ms (cache hit)
539 http cache @radix-ui/react-avatar@https://package-mirror.liara.ir/repository/npm/@radix-ui/react-avatar/-/react-avatar-1.1.12.tgz 0ms (cache hit)
540 http cache @radix-ui/react-compose-refs@https://package-mirror.liara.ir/repository/npm/@radix-ui/react-compose-refs/-/react-compose-refs-1.1.3.tgz 0ms (cache hit)
541 http cache @radix-ui/react-collection@https://package-mirror.liara.ir/repository/npm/@radix-ui/react-collection/-/react-collection-1.1.9.tgz 0ms (cache hit)
542 http cache @radix-ui/react-collapsible@https://package-mirror.liara.ir/repository/npm/@radix-ui/react-collapsible/-/react-collapsible-1.1.13.tgz 0ms (cache hit)
543 http cache @radix-ui/react-arrow@https://package-mirror.liara.ir/repository/npm/@radix-ui/react-arrow/-/react-arrow-1.1.9.tgz 0ms (cache hit)
544 http cache @radix-ui/react-accessible-icon@https://package-mirror.liara.ir/repository/npm/@radix-ui/react-accessible-icon/-/react-accessible-icon-1.1.9.tgz 0ms (cache hit)
545 http cache @radix-ui/react-alert-dialog@https://package-mirror.liara.ir/repository/npm/@radix-ui/react-alert-dialog/-/react-alert-dialog-1.1.16.tgz 0ms (cache hit)
546 http cache @radix-ui/react-aspect-ratio@https://package-mirror.liara.ir/repository/npm/@radix-ui/react-aspect-ratio/-/react-aspect-ratio-1.1.9.tgz 0ms (cache hit)
547 http cache @radix-ui/primitive@https://package-mirror.liara.ir/repository/npm/@radix-ui/primitive/-/primitive-1.1.4.tgz 0ms (cache hit)
548 http cache @nodelib/fs.walk@https://package-mirror.liara.ir/repository/npm/@nodelib/fs.walk/-/fs.walk-1.2.8.tgz 0ms (cache hit)
549 http cache @radix-ui/number@https://package-mirror.liara.ir/repository/npm/@radix-ui/number/-/number-1.1.2.tgz 0ms (cache hit)
550 http cache @radix-ui/react-accordion@https://package-mirror.liara.ir/repository/npm/@radix-ui/react-accordion/-/react-accordion-1.2.13.tgz 0ms (cache hit)
551 http cache @nodelib/fs.scandir@https://package-mirror.liara.ir/repository/npm/@nodelib/fs.scandir/-/fs.scandir-2.1.5.tgz 0ms (cache hit)
552 http cache @nolyfill/is-core-module@https://package-mirror.liara.ir/repository/npm/@nolyfill/is-core-module/-/is-core-module-1.0.39.tgz 0ms (cache hit)
553 http cache @nodelib/fs.stat@https://package-mirror.liara.ir/repository/npm/@nodelib/fs.stat/-/fs.stat-2.0.5.tgz 0ms (cache hit)
554 http cache @noble/hashes@https://package-mirror.liara.ir/repository/npm/@noble/hashes/-/hashes-1.8.0.tgz 0ms (cache hit)
555 http cache @modelcontextprotocol/sdk@https://package-mirror.liara.ir/repository/npm/@modelcontextprotocol/sdk/-/sdk-1.29.0.tgz 0ms (cache hit)
556 http cache @noble/curves@https://package-mirror.liara.ir/repository/npm/@noble/curves/-/curves-1.9.7.tgz 0ms (cache hit)
557 http cache @noble/ciphers@https://package-mirror.liara.ir/repository/npm/@noble/ciphers/-/ciphers-1.3.0.tgz 0ms (cache hit)
558 http cache @next/swc-win32-x64-msvc@https://registry.npmjs.org/@next/swc-win32-x64-msvc/-/swc-win32-x64-msvc-16.3.0.tgz 0ms (cache hit)
559 http cache @jridgewell/sourcemap-codec@https://package-mirror.liara.ir/repository/npm/@jridgewell/sourcemap-codec/-/sourcemap-codec-1.5.5.tgz 0ms (cache hit)
560 http cache @next/env@https://registry.npmjs.org/@next/env/-/env-16.3.0.tgz 0ms (cache hit)
561 http cache @next/eslint-plugin-next@https://registry.npmjs.org/@next/eslint-plugin-next/-/eslint-plugin-next-16.3.0.tgz 0ms (cache hit)
562 http cache @jridgewell/trace-mapping@https://package-mirror.liara.ir/repository/npm/@jridgewell/trace-mapping/-/trace-mapping-0.3.31.tgz 0ms (cache hit)
563 http cache @img/sharp-win32-x64@https://registry.npmjs.org/@img/sharp-win32-x64/-/sharp-win32-x64-0.35.3.tgz 0ms (cache hit)
564 http cache @jridgewell/resolve-uri@https://package-mirror.liara.ir/repository/npm/@jridgewell/resolve-uri/-/resolve-uri-3.1.2.tgz 0ms (cache hit)
565 http cache @jridgewell/remapping@https://package-mirror.liara.ir/repository/npm/@jridgewell/remapping/-/remapping-2.3.5.tgz 0ms (cache hit)
566 http cache @img/colour@https://registry.npmjs.org/@img/colour/-/colour-1.1.0.tgz 0ms (cache hit)
567 http cache @jridgewell/gen-mapping@https://package-mirror.liara.ir/repository/npm/@jridgewell/gen-mapping/-/gen-mapping-0.3.13.tgz 0ms (cache hit)
568 http cache @humanwhocodes/retry@https://package-mirror.liara.ir/repository/npm/@humanwhocodes/retry/-/retry-0.4.3.tgz 0ms (cache hit)
569 http cache @humanwhocodes/module-importer@https://package-mirror.liara.ir/repository/npm/@humanwhocodes/module-importer/-/module-importer-1.0.1.tgz 0ms (cache hit)
570 http cache @humanfs/types@https://package-mirror.liara.ir/repository/npm/@humanfs/types/-/types-0.15.0.tgz 0ms (cache hit)
571 http cache @hookform/resolvers@https://package-mirror.liara.ir/repository/npm/@hookform/resolvers/-/resolvers-5.4.0.tgz 0ms (cache hit)
572 http cache @humanfs/node@https://package-mirror.liara.ir/repository/npm/@humanfs/node/-/node-0.16.8.tgz 0ms (cache hit)
573 http cache @hono/node-server@https://package-mirror.liara.ir/repository/npm/@hono/node-server/-/node-server-1.19.14.tgz 0ms (cache hit)
574 http cache @humanfs/core@https://package-mirror.liara.ir/repository/npm/@humanfs/core/-/core-0.19.2.tgz 0ms (cache hit)
575 http cache @floating-ui/react-dom@https://package-mirror.liara.ir/repository/npm/@floating-ui/react-dom/-/react-dom-2.1.8.tgz 0ms (cache hit)
576 http cache @eslint/js@https://package-mirror.liara.ir/repository/npm/@eslint/js/-/js-9.39.4.tgz 0ms (cache hit)
577 http cache @eslint/plugin-kit@https://package-mirror.liara.ir/repository/npm/@eslint/plugin-kit/-/plugin-kit-0.4.1.tgz 0ms (cache hit)
578 http cache @floating-ui/dom@https://package-mirror.liara.ir/repository/npm/@floating-ui/dom/-/dom-1.7.6.tgz 0ms (cache hit)
579 http cache @eslint/eslintrc@https://package-mirror.liara.ir/repository/npm/@eslint/eslintrc/-/eslintrc-3.3.5.tgz 0ms (cache hit)
580 http cache @floating-ui/utils@https://package-mirror.liara.ir/repository/npm/@floating-ui/utils/-/utils-0.2.11.tgz 0ms (cache hit)
581 http cache @floating-ui/core@https://package-mirror.liara.ir/repository/npm/@floating-ui/core/-/core-1.7.5.tgz 0ms (cache hit)
582 http cache @eslint/core@https://package-mirror.liara.ir/repository/npm/@eslint/core/-/core-0.17.0.tgz 0ms (cache hit)
583 http cache @eslint/object-schema@https://package-mirror.liara.ir/repository/npm/@eslint/object-schema/-/object-schema-2.1.7.tgz 0ms (cache hit)
584 http cache @eslint/config-helpers@https://package-mirror.liara.ir/repository/npm/@eslint/config-helpers/-/config-helpers-0.4.2.tgz 0ms (cache hit)
585 http cache @eslint-community/regexpp@https://package-mirror.liara.ir/repository/npm/@eslint-community/regexpp/-/regexpp-4.12.2.tgz 0ms (cache hit)
586 http cache @dotenvx/dotenvx@https://package-mirror.liara.ir/repository/npm/@dotenvx/dotenvx/-/dotenvx-1.71.3.tgz 0ms (cache hit)
587 http cache @ecies/ciphers@https://package-mirror.liara.ir/repository/npm/@ecies/ciphers/-/ciphers-0.2.6.tgz 0ms (cache hit)
588 http cache @eslint/config-array@https://package-mirror.liara.ir/repository/npm/@eslint/config-array/-/config-array-0.21.2.tgz 0ms (cache hit)
589 http cache @babel/traverse@https://package-mirror.liara.ir/repository/npm/@babel/traverse/-/traverse-7.29.7.tgz 0ms (cache hit)
590 http cache @eslint-community/eslint-utils@https://package-mirror.liara.ir/repository/npm/@eslint-community/eslint-utils/-/eslint-utils-4.9.1.tgz 0ms (cache hit)
591 http cache @babel/types@https://package-mirror.liara.ir/repository/npm/@babel/types/-/types-7.29.7.tgz 0ms (cache hit)
592 http cache @babel/template@https://package-mirror.liara.ir/repository/npm/@babel/template/-/template-7.29.7.tgz 0ms (cache hit)
593 http cache @babel/plugin-transform-modules-commonjs@https://package-mirror.liara.ir/repository/npm/@babel/plugin-transform-modules-commonjs/-/plugin-transform-modules-commonjs-7.29.7.tgz 0ms (cache hit)
594 http cache @babel/plugin-transform-typescript@https://package-mirror.liara.ir/repository/npm/@babel/plugin-transform-typescript/-/plugin-transform-typescript-7.29.7.tgz 0ms (cache hit)
595 http cache @babel/plugin-syntax-typescript@https://package-mirror.liara.ir/repository/npm/@babel/plugin-syntax-typescript/-/plugin-syntax-typescript-7.29.7.tgz 0ms (cache hit)
596 http cache @babel/plugin-syntax-jsx@https://package-mirror.liara.ir/repository/npm/@babel/plugin-syntax-jsx/-/plugin-syntax-jsx-7.29.7.tgz 0ms (cache hit)
597 http cache @babel/parser@https://package-mirror.liara.ir/repository/npm/@babel/parser/-/parser-7.29.7.tgz 0ms (cache hit)
598 http cache @babel/helpers@https://package-mirror.liara.ir/repository/npm/@babel/helpers/-/helpers-7.29.7.tgz 0ms (cache hit)
599 http cache @babel/helper-validator-option@https://package-mirror.liara.ir/repository/npm/@babel/helper-validator-option/-/helper-validator-option-7.29.7.tgz 0ms (cache hit)
600 http cache @babel/helper-validator-identifier@https://package-mirror.liara.ir/repository/npm/@babel/helper-validator-identifier/-/helper-validator-identifier-7.29.7.tgz 0ms (cache hit)
601 http cache @babel/helper-skip-transparent-expression-wrappers@https://package-mirror.liara.ir/repository/npm/@babel/helper-skip-transparent-expression-wrappers/-/helper-skip-transparent-expression-wrappers-7.29.7.tgz 0ms (cache hit)
602 http cache @babel/helper-replace-supers@https://package-mirror.liara.ir/repository/npm/@babel/helper-replace-supers/-/helper-replace-supers-7.29.7.tgz 0ms (cache hit)
603 http cache @babel/helper-string-parser@https://package-mirror.liara.ir/repository/npm/@babel/helper-string-parser/-/helper-string-parser-7.29.7.tgz 0ms (cache hit)
604 http cache @babel/helper-plugin-utils@https://package-mirror.liara.ir/repository/npm/@babel/helper-plugin-utils/-/helper-plugin-utils-7.29.7.tgz 0ms (cache hit)
605 http cache @babel/helper-optimise-call-expression@https://package-mirror.liara.ir/repository/npm/@babel/helper-optimise-call-expression/-/helper-optimise-call-expression-7.29.7.tgz 0ms (cache hit)
606 http cache @babel/helper-module-imports@https://package-mirror.liara.ir/repository/npm/@babel/helper-module-imports/-/helper-module-imports-7.29.7.tgz 0ms (cache hit)
607 http cache @babel/helper-module-transforms@https://package-mirror.liara.ir/repository/npm/@babel/helper-module-transforms/-/helper-module-transforms-7.29.7.tgz 0ms (cache hit)
608 http cache @babel/helper-member-expression-to-functions@https://package-mirror.liara.ir/repository/npm/@babel/helper-member-expression-to-functions/-/helper-member-expression-to-functions-7.29.7.tgz 0ms (cache hit)
609 http cache @babel/helper-create-class-features-plugin@https://package-mirror.liara.ir/repository/npm/@babel/helper-create-class-features-plugin/-/helper-create-class-features-plugin-7.29.7.tgz 0ms (cache hit)
610 http cache @babel/helper-globals@https://package-mirror.liara.ir/repository/npm/@babel/helper-globals/-/helper-globals-7.29.7.tgz 0ms (cache hit)
611 http cache @babel/helper-compilation-targets@https://package-mirror.liara.ir/repository/npm/@babel/helper-compilation-targets/-/helper-compilation-targets-7.29.7.tgz 0ms (cache hit)
612 http cache @babel/helper-annotate-as-pure@https://package-mirror.liara.ir/repository/npm/@babel/helper-annotate-as-pure/-/helper-annotate-as-pure-7.29.7.tgz 0ms (cache hit)
613 http cache @babel/compat-data@https://package-mirror.liara.ir/repository/npm/@babel/compat-data/-/compat-data-7.29.7.tgz 0ms (cache hit)
614 http cache @babel/generator@https://package-mirror.liara.ir/repository/npm/@babel/generator/-/generator-7.29.7.tgz 0ms (cache hit)
615 http cache @babel/code-frame@https://package-mirror.liara.ir/repository/npm/@babel/code-frame/-/code-frame-7.29.7.tgz 0ms (cache hit)
616 http cache json5@https://package-mirror.liara.ir/repository/npm/json5/-/json5-1.0.2.tgz 0ms (cache hit)
617 http cache @alloc/quick-lru@https://package-mirror.liara.ir/repository/npm/@alloc/quick-lru/-/quick-lru-5.2.0.tgz 0ms (cache hit)
618 http cache fdir@https://package-mirror.liara.ir/repository/npm/fdir/-/fdir-6.5.0.tgz 0ms (cache hit)
619 http cache picomatch@https://package-mirror.liara.ir/repository/npm/picomatch/-/picomatch-4.0.4.tgz 0ms (cache hit)
620 http cache @babel/preset-typescript@https://package-mirror.liara.ir/repository/npm/@babel/preset-typescript/-/preset-typescript-7.29.7.tgz 0ms (cache hit)
621 http cache content-type@https://package-mirror.liara.ir/repository/npm/content-type/-/content-type-2.0.0.tgz 0ms (cache hit)
622 http cache @babel/core@https://package-mirror.liara.ir/repository/npm/@babel/core/-/core-7.29.7.tgz 0ms (cache hit)
623 http cache zod@https://package-mirror.liara.ir/repository/npm/zod/-/zod-3.25.76.tgz 0ms (cache hit)
624 http cache emoji-regex@https://package-mirror.liara.ir/repository/npm/emoji-regex/-/emoji-regex-10.6.0.tgz 0ms (cache hit)
625 http cache kleur@https://package-mirror.liara.ir/repository/npm/kleur/-/kleur-3.0.3.tgz 0ms (cache hit)
626 http cache strip-ansi@https://package-mirror.liara.ir/repository/npm/strip-ansi/-/strip-ansi-7.2.0.tgz 0ms (cache hit)
627 http cache ansi-regex@https://package-mirror.liara.ir/repository/npm/ansi-regex/-/ansi-regex-6.2.2.tgz 0ms (cache hit)
628 http cache fast-glob@https://package-mirror.liara.ir/repository/npm/fast-glob/-/fast-glob-3.3.3.tgz 0ms (cache hit)
629 http cache tsconfig-paths@https://package-mirror.liara.ir/repository/npm/tsconfig-paths/-/tsconfig-paths-4.2.0.tgz 0ms (cache hit)
630 http cache glob-parent@https://package-mirror.liara.ir/repository/npm/glob-parent/-/glob-parent-5.1.2.tgz 0ms (cache hit)
631 http cache strip-ansi@https://package-mirror.liara.ir/repository/npm/strip-ansi/-/strip-ansi-7.2.0.tgz 0ms (cache hit)
632 http cache ansi-regex@https://package-mirror.liara.ir/repository/npm/ansi-regex/-/ansi-regex-6.2.2.tgz 0ms (cache hit)
633 http cache is-unicode-supported@https://package-mirror.liara.ir/repository/npm/is-unicode-supported/-/is-unicode-supported-1.3.0.tgz 0ms (cache hit)
634 http cache chalk@https://package-mirror.liara.ir/repository/npm/chalk/-/chalk-5.6.2.tgz 0ms (cache hit)
635 http cache path-key@https://package-mirror.liara.ir/repository/npm/path-key/-/path-key-4.0.0.tgz 0ms (cache hit)
636 http cache chalk@https://package-mirror.liara.ir/repository/npm/chalk/-/chalk-5.6.2.tgz 0ms (cache hit)
637 http cache mime-types@https://package-mirror.liara.ir/repository/npm/mime-types/-/mime-types-2.1.35.tgz 0ms (cache hit)
638 http cache debug@https://package-mirror.liara.ir/repository/npm/debug/-/debug-3.2.7.tgz 0ms (cache hit)
639 http cache semver@https://package-mirror.liara.ir/repository/npm/semver/-/semver-7.8.4.tgz 0ms (cache hit)
640 http cache glob-parent@https://registry.npmjs.org/glob-parent/-/glob-parent-5.1.2.tgz 0ms (cache hit)
641 http cache mime-db@https://package-mirror.liara.ir/repository/npm/mime-db/-/mime-db-1.52.0.tgz 0ms (cache hit)
642 http cache debug@https://package-mirror.liara.ir/repository/npm/debug/-/debug-3.2.7.tgz 0ms (cache hit)
643 http cache debug@https://package-mirror.liara.ir/repository/npm/debug/-/debug-3.2.7.tgz 0ms (cache hit)
644 http cache globals@https://package-mirror.liara.ir/repository/npm/globals/-/globals-16.4.0.tgz 0ms (cache hit)
645 http cache postcss@https://registry.npmjs.org/postcss/-/postcss-8.5.23.tgz 0ms (cache hit)
646 http cache https-proxy-agent@https://package-mirror.liara.ir/repository/npm/https-proxy-agent/-/https-proxy-agent-5.0.1.tgz 0ms (cache hit)
647 http cache agent-base@https://package-mirror.liara.ir/repository/npm/agent-base/-/agent-base-6.0.2.tgz 0ms (cache hit)
648 http cache ajv@https://package-mirror.liara.ir/repository/npm/ajv/-/ajv-8.20.0.tgz 0ms (cache hit)
649 http cache eslint-visitor-keys@https://package-mirror.liara.ir/repository/npm/eslint-visitor-keys/-/eslint-visitor-keys-5.0.1.tgz 0ms (cache hit)
650 http cache json-schema-traverse@https://package-mirror.liara.ir/repository/npm/json-schema-traverse/-/json-schema-traverse-1.0.0.tgz 0ms (cache hit)
651 http cache semver@https://package-mirror.liara.ir/repository/npm/semver/-/semver-7.8.4.tgz 0ms (cache hit)
652 http cache minimatch@https://package-mirror.liara.ir/repository/npm/minimatch/-/minimatch-10.2.5.tgz 0ms (cache hit)
653 http cache glob-parent@https://package-mirror.liara.ir/repository/npm/glob-parent/-/glob-parent-5.1.2.tgz 0ms (cache hit)
654 http cache semver@https://registry.npmjs.org/semver/-/semver-7.8.5.tgz 1ms (cache hit)
655 http cache ignore@https://package-mirror.liara.ir/repository/npm/ignore/-/ignore-7.0.5.tgz 0ms (cache hit)
656 http cache brace-expansion@https://package-mirror.liara.ir/repository/npm/brace-expansion/-/brace-expansion-5.0.6.tgz 0ms (cache hit)
657 http cache balanced-match@https://package-mirror.liara.ir/repository/npm/balanced-match/-/balanced-match-4.0.4.tgz 0ms (cache hit)
658 http cache fast-glob@https://package-mirror.liara.ir/repository/npm/fast-glob/-/fast-glob-3.3.3.tgz 0ms (cache hit)
659 http cache minimatch@https://package-mirror.liara.ir/repository/npm/minimatch/-/minimatch-10.2.5.tgz 0ms (cache hit)
660 http cache json-schema-traverse@https://package-mirror.liara.ir/repository/npm/json-schema-traverse/-/json-schema-traverse-1.0.0.tgz 0ms (cache hit)
661 http cache which@https://package-mirror.liara.ir/repository/npm/which/-/which-4.0.0.tgz 0ms (cache hit)
662 http cache ajv@https://package-mirror.liara.ir/repository/npm/ajv/-/ajv-8.20.0.tgz 0ms (cache hit)
663 http cache eslint-visitor-keys@https://package-mirror.liara.ir/repository/npm/eslint-visitor-keys/-/eslint-visitor-keys-3.4.3.tgz 0ms (cache hit)
664 http cache balanced-match@https://package-mirror.liara.ir/repository/npm/balanced-match/-/balanced-match-4.0.4.tgz 0ms (cache hit)
665 http cache brace-expansion@https://package-mirror.liara.ir/repository/npm/brace-expansion/-/brace-expansion-5.0.6.tgz 0ms (cache hit)
666 http cache picomatch@https://package-mirror.liara.ir/repository/npm/picomatch/-/picomatch-4.0.4.tgz 0ms (cache hit)
667 http cache strip-final-newline@https://package-mirror.liara.ir/repository/npm/strip-final-newline/-/strip-final-newline-2.0.0.tgz 0ms (cache hit)
668 http cache onetime@https://package-mirror.liara.ir/repository/npm/onetime/-/onetime-5.1.2.tgz 0ms (cache hit)
669 http cache signal-exit@https://package-mirror.liara.ir/repository/npm/signal-exit/-/signal-exit-3.0.7.tgz 0ms (cache hit)
670 http cache npm-run-path@https://package-mirror.liara.ir/repository/npm/npm-run-path/-/npm-run-path-4.0.1.tgz 0ms (cache hit)
671 http cache is-stream@https://package-mirror.liara.ir/repository/npm/is-stream/-/is-stream-2.0.1.tgz 0ms (cache hit)
672 http cache human-signals@https://package-mirror.liara.ir/repository/npm/human-signals/-/human-signals-2.1.0.tgz 0ms (cache hit)
673 http cache get-stream@https://package-mirror.liara.ir/repository/npm/get-stream/-/get-stream-6.0.1.tgz 0ms (cache hit)
674 http cache isexe@https://package-mirror.liara.ir/repository/npm/isexe/-/isexe-3.1.5.tgz 0ms (cache hit)
675 silly tarball no local data for zod-to-json-schema@https://package-mirror.liara.ir/repository/npm/zod-to-json-schema/-/zod-to-json-schema-3.25.2.tgz. Extracting by manifest.
676 http cache fdir@https://package-mirror.liara.ir/repository/npm/fdir/-/fdir-6.5.0.tgz 0ms (cache hit)
677 silly tarball no local data for zod-validation-error@https://package-mirror.liara.ir/repository/npm/zod-validation-error/-/zod-validation-error-4.0.2.tgz. Extracting by manifest.
678 silly tarball no local data for zustand@https://package-mirror.liara.ir/repository/npm/zustand/-/zustand-5.0.14.tgz. Extracting by manifest.
679 silly tarball no local data for yallist@https://package-mirror.liara.ir/repository/npm/yallist/-/yallist-3.1.1.tgz. Extracting by manifest.
680 silly tarball no local data for yoctocolors@https://package-mirror.liara.ir/repository/npm/yoctocolors/-/yoctocolors-2.1.2.tgz. Extracting by manifest.
681 silly tarball no local data for yocto-spinner@https://package-mirror.liara.ir/repository/npm/yocto-spinner/-/yocto-spinner-1.2.0.tgz. Extracting by manifest.
682 http cache commander@https://package-mirror.liara.ir/repository/npm/commander/-/commander-11.1.0.tgz 0ms (cache hit)
683 silly tarball no local data for yocto-queue@https://package-mirror.liara.ir/repository/npm/yocto-queue/-/yocto-queue-0.1.0.tgz. Extracting by manifest.
684 silly tarball no local data for wsl-utils@https://package-mirror.liara.ir/repository/npm/wsl-utils/-/wsl-utils-0.3.1.tgz. Extracting by manifest.
685 silly tarball no local data for wrappy@https://package-mirror.liara.ir/repository/npm/wrappy/-/wrappy-1.0.2.tgz. Extracting by manifest.
686 silly tarball no local data for zod@https://package-mirror.liara.ir/repository/npm/zod/-/zod-4.4.3.tgz. Extracting by manifest.
687 silly tarball no local data for which-collection@https://package-mirror.liara.ir/repository/npm/which-collection/-/which-collection-1.0.2.tgz. Extracting by manifest.
688 silly tarball no local data for word-wrap@https://package-mirror.liara.ir/repository/npm/word-wrap/-/word-wrap-1.2.5.tgz. Extracting by manifest.
689 silly tarball no local data for which-typed-array@https://package-mirror.liara.ir/repository/npm/which-typed-array/-/which-typed-array-1.1.22.tgz. Extracting by manifest.
690 http cache execa@https://package-mirror.liara.ir/repository/npm/execa/-/execa-5.1.1.tgz 0ms (cache hit)
691 silly tarball no local data for which-builtin-type@https://package-mirror.liara.ir/repository/npm/which-builtin-type/-/which-builtin-type-1.2.1.tgz. Extracting by manifest.
692 silly tarball no local data for which@https://package-mirror.liara.ir/repository/npm/which/-/which-2.0.2.tgz. Extracting by manifest.
693 silly tarball no local data for which-boxed-primitive@https://package-mirror.liara.ir/repository/npm/which-boxed-primitive/-/which-boxed-primitive-1.1.1.tgz. Extracting by manifest.
694 silly tarball no local data for util-deprecate@https://package-mirror.liara.ir/repository/npm/util-deprecate/-/util-deprecate-1.0.2.tgz. Extracting by manifest.
695 silly tarball no local data for validate-npm-package-name@https://package-mirror.liara.ir/repository/npm/validate-npm-package-name/-/validate-npm-package-name-7.0.2.tgz. Extracting by manifest.
696 silly tarball no local data for use-callback-ref@https://package-mirror.liara.ir/repository/npm/use-callback-ref/-/use-callback-ref-1.3.3.tgz. Extracting by manifest.
697 silly tarball no local data for vary@https://package-mirror.liara.ir/repository/npm/vary/-/vary-1.1.2.tgz. Extracting by manifest.
698 silly tarball no local data for use-sidecar@https://package-mirror.liara.ir/repository/npm/use-sidecar/-/use-sidecar-1.1.3.tgz. Extracting by manifest.
699 silly tarball no local data for uri-js@https://package-mirror.liara.ir/repository/npm/uri-js/-/uri-js-4.4.1.tgz. Extracting by manifest.
700 silly tarball no local data for update-browserslist-db@https://package-mirror.liara.ir/repository/npm/update-browserslist-db/-/update-browserslist-db-1.2.3.tgz. Extracting by manifest.
701 silly tarball no local data for unpipe@https://package-mirror.liara.ir/repository/npm/unpipe/-/unpipe-1.0.0.tgz. Extracting by manifest.
702 silly tarball no local data for universalify@https://package-mirror.liara.ir/repository/npm/universalify/-/universalify-2.0.1.tgz. Extracting by manifest.
703 silly tarball no local data for unrs-resolver@https://package-mirror.liara.ir/repository/npm/unrs-resolver/-/unrs-resolver-1.12.2.tgz. Extracting by manifest.
704 silly tarball no local data for undici-types@https://package-mirror.liara.ir/repository/npm/undici-types/-/undici-types-6.21.0.tgz. Extracting by manifest.
705 silly tarball no local data for unicorn-magic@https://package-mirror.liara.ir/repository/npm/unicorn-magic/-/unicorn-magic-0.3.0.tgz. Extracting by manifest.
706 silly tarball no local data for unbox-primitive@https://package-mirror.liara.ir/repository/npm/unbox-primitive/-/unbox-primitive-1.1.0.tgz. Extracting by manifest.
707 silly tarball no local data for typescript-eslint@https://package-mirror.liara.ir/repository/npm/typescript-eslint/-/typescript-eslint-8.61.0.tgz. Extracting by manifest.
708 silly tarball no local data for typed-array-length@https://package-mirror.liara.ir/repository/npm/typed-array-length/-/typed-array-length-1.0.8.tgz. Extracting by manifest.
709 silly tarball no local data for typed-array-byte-length@https://package-mirror.liara.ir/repository/npm/typed-array-byte-length/-/typed-array-byte-length-1.0.3.tgz. Extracting by manifest.
710 silly tarball no local data for typed-array-buffer@https://package-mirror.liara.ir/repository/npm/typed-array-buffer/-/typed-array-buffer-1.0.3.tgz. Extracting by manifest.
711 silly tarball no local data for typescript@https://package-mirror.liara.ir/repository/npm/typescript/-/typescript-5.9.3.tgz. Extracting by manifest.
712 silly tarball no local data for typed-array-byte-offset@https://package-mirror.liara.ir/repository/npm/typed-array-byte-offset/-/typed-array-byte-offset-1.0.4.tgz. Extracting by manifest.
713 silly tarball no local data for type-is@https://package-mirror.liara.ir/repository/npm/type-is/-/type-is-2.1.0.tgz. Extracting by manifest.
714 silly tarball no local data for tw-animate-css@https://package-mirror.liara.ir/repository/npm/tw-animate-css/-/tw-animate-css-1.4.0.tgz. Extracting by manifest.
715 silly tarball no local data for type-check@https://package-mirror.liara.ir/repository/npm/type-check/-/type-check-0.4.0.tgz. Extracting by manifest.
716 silly tarball no local data for tslib@https://package-mirror.liara.ir/repository/npm/tslib/-/tslib-2.8.1.tgz. Extracting by manifest.
717 silly tarball no local data for ts-morph@https://package-mirror.liara.ir/repository/npm/ts-morph/-/ts-morph-26.0.0.tgz. Extracting by manifest.
718 silly tarball no local data for tsconfig-paths@https://package-mirror.liara.ir/repository/npm/tsconfig-paths/-/tsconfig-paths-3.15.0.tgz. Extracting by manifest.
719 silly tarball no local data for to-regex-range@https://package-mirror.liara.ir/repository/npm/to-regex-range/-/to-regex-range-5.0.1.tgz. Extracting by manifest.
720 silly tarball no local data for undici@https://registry.npmjs.org/undici/-/undici-7.29.0.tgz. Extracting by manifest.
721 silly tarball no local data for ts-api-utils@https://package-mirror.liara.ir/repository/npm/ts-api-utils/-/ts-api-utils-2.5.0.tgz. Extracting by manifest.
722 silly tarball no local data for tiny-invariant@https://package-mirror.liara.ir/repository/npm/tiny-invariant/-/tiny-invariant-1.3.3.tgz. Extracting by manifest.
723 silly tarball no local data for tinyglobby@https://package-mirror.liara.ir/repository/npm/tinyglobby/-/tinyglobby-0.2.17.tgz. Extracting by manifest.
724 silly tarball no local data for tapable@https://package-mirror.liara.ir/repository/npm/tapable/-/tapable-2.3.3.tgz. Extracting by manifest.
725 silly tarball no local data for tailwindcss@https://package-mirror.liara.ir/repository/npm/tailwindcss/-/tailwindcss-4.3.1.tgz. Extracting by manifest.
726 silly tarball no local data for tailwind-merge@https://package-mirror.liara.ir/repository/npm/tailwind-merge/-/tailwind-merge-3.6.0.tgz. Extracting by manifest.
727 silly tarball no local data for supports-preserve-symlinks-flag@https://package-mirror.liara.ir/repository/npm/supports-preserve-symlinks-flag/-/supports-preserve-symlinks-flag-1.0.0.tgz. Extracting by manifest.
728 silly tarball no local data for toidentifier@https://package-mirror.liara.ir/repository/npm/toidentifier/-/toidentifier-1.0.1.tgz. Extracting by manifest.
729 silly tarball no local data for styled-jsx@https://package-mirror.liara.ir/repository/npm/styled-jsx/-/styled-jsx-5.1.6.tgz. Extracting by manifest.
730 silly tarball no local data for supports-color@https://package-mirror.liara.ir/repository/npm/supports-color/-/supports-color-7.2.0.tgz. Extracting by manifest.
731 silly tarball no local data for stringify-object@https://package-mirror.liara.ir/repository/npm/stringify-object/-/stringify-object-5.0.0.tgz. Extracting by manifest.
732 silly tarball no local data for strip-final-newline@https://package-mirror.liara.ir/repository/npm/strip-final-newline/-/strip-final-newline-4.0.0.tgz. Extracting by manifest.
733 silly tarball no local data for strip-json-comments@https://package-mirror.liara.ir/repository/npm/strip-json-comments/-/strip-json-comments-3.1.1.tgz. Extracting by manifest.
734 silly tarball no local data for strip-bom@https://package-mirror.liara.ir/repository/npm/strip-bom/-/strip-bom-3.0.0.tgz. Extracting by manifest.
735 silly tarball no local data for string.prototype.trimstart@https://package-mirror.liara.ir/repository/npm/string.prototype.trimstart/-/string.prototype.trimstart-1.0.8.tgz. Extracting by manifest.
736 silly tarball no local data for strip-ansi@https://package-mirror.liara.ir/repository/npm/strip-ansi/-/strip-ansi-6.0.1.tgz. Extracting by manifest.
737 silly tarball no local data for string.prototype.trimend@https://package-mirror.liara.ir/repository/npm/string.prototype.trimend/-/string.prototype.trimend-1.0.9.tgz. Extracting by manifest.
738 silly tarball no local data for string.prototype.includes@https://package-mirror.liara.ir/repository/npm/string.prototype.includes/-/string.prototype.includes-2.0.1.tgz. Extracting by manifest.
739 silly tarball no local data for string.prototype.matchall@https://package-mirror.liara.ir/repository/npm/string.prototype.matchall/-/string.prototype.matchall-4.0.12.tgz. Extracting by manifest.
740 silly tarball no local data for string.prototype.trim@https://package-mirror.liara.ir/repository/npm/string.prototype.trim/-/string.prototype.trim-1.2.10.tgz. Extracting by manifest.
741 silly tarball no local data for string.prototype.repeat@https://package-mirror.liara.ir/repository/npm/string.prototype.repeat/-/string.prototype.repeat-1.0.0.tgz. Extracting by manifest.
742 silly tarball no local data for string-width@https://package-mirror.liara.ir/repository/npm/string-width/-/string-width-7.2.0.tgz. Extracting by manifest.
743 silly tarball no local data for stdin-discarder@https://package-mirror.liara.ir/repository/npm/stdin-discarder/-/stdin-discarder-0.2.2.tgz. Extracting by manifest.
744 silly tarball no local data for stable-hash@https://package-mirror.liara.ir/repository/npm/stable-hash/-/stable-hash-0.0.5.tgz. Extracting by manifest.
745 silly tarball no local data for stop-iteration-iterator@https://package-mirror.liara.ir/repository/npm/stop-iteration-iterator/-/stop-iteration-iterator-1.1.0.tgz. Extracting by manifest.
746 silly tarball no local data for source-map@https://package-mirror.liara.ir/repository/npm/source-map/-/source-map-0.6.1.tgz. Extracting by manifest.
747 silly tarball no local data for statuses@https://package-mirror.liara.ir/repository/npm/statuses/-/statuses-2.0.2.tgz. Extracting by manifest.
748 silly tarball no local data for source-map-js@https://package-mirror.liara.ir/repository/npm/source-map-js/-/source-map-js-1.2.1.tgz. Extracting by manifest.
749 silly tarball no local data for socks@https://registry.npmjs.org/socks/-/socks-2.8.9.tgz. Extracting by manifest.
750 silly tarball no local data for sisteransi@https://package-mirror.liara.ir/repository/npm/sisteransi/-/sisteransi-1.0.5.tgz. Extracting by manifest.
751 silly tarball no local data for sonner@https://package-mirror.liara.ir/repository/npm/sonner/-/sonner-2.0.7.tgz. Extracting by manifest.
752 silly tarball no local data for smart-buffer@https://registry.npmjs.org/smart-buffer/-/smart-buffer-4.2.0.tgz. Extracting by manifest.
753 silly tarball no local data for side-channel-weakmap@https://package-mirror.liara.ir/repository/npm/side-channel-weakmap/-/side-channel-weakmap-1.0.2.tgz. Extracting by manifest.
754 silly tarball no local data for signal-exit@https://package-mirror.liara.ir/repository/npm/signal-exit/-/signal-exit-4.1.0.tgz. Extracting by manifest.
755 silly tarball no local data for side-channel-list@https://package-mirror.liara.ir/repository/npm/side-channel-list/-/side-channel-list-1.0.1.tgz. Extracting by manifest.
756 silly tarball no local data for side-channel-map@https://package-mirror.liara.ir/repository/npm/side-channel-map/-/side-channel-map-1.0.1.tgz. Extracting by manifest.
757 silly tarball no local data for shebang-regex@https://package-mirror.liara.ir/repository/npm/shebang-regex/-/shebang-regex-3.0.0.tgz. Extracting by manifest.
758 silly tarball no local data for shadcn@https://registry.npmjs.org/shadcn/-/shadcn-4.17.0.tgz. Extracting by manifest.
759 silly tarball no local data for shebang-command@https://package-mirror.liara.ir/repository/npm/shebang-command/-/shebang-command-2.0.0.tgz. Extracting by manifest.
760 silly tarball no local data for sharp@https://registry.npmjs.org/sharp/-/sharp-0.35.3.tgz. Extracting by manifest.
761 silly tarball no local data for side-channel@https://package-mirror.liara.ir/repository/npm/side-channel/-/side-channel-1.1.0.tgz. Extracting by manifest.
762 silly tarball no local data for setprototypeof@https://package-mirror.liara.ir/repository/npm/setprototypeof/-/setprototypeof-1.2.0.tgz. Extracting by manifest.
763 silly tarball no local data for set-proto@https://package-mirror.liara.ir/repository/npm/set-proto/-/set-proto-1.0.0.tgz. Extracting by manifest.
764 silly tarball no local data for set-function-name@https://package-mirror.liara.ir/repository/npm/set-function-name/-/set-function-name-2.0.2.tgz. Extracting by manifest.
765 silly tarball no local data for send@https://package-mirror.liara.ir/repository/npm/send/-/send-1.2.1.tgz. Extracting by manifest.
766 silly tarball no local data for serve-static@https://package-mirror.liara.ir/repository/npm/serve-static/-/serve-static-2.2.1.tgz. Extracting by manifest.
767 silly tarball no local data for set-function-length@https://package-mirror.liara.ir/repository/npm/set-function-length/-/set-function-length-1.2.2.tgz. Extracting by manifest.
768 silly tarball no local data for safer-buffer@https://package-mirror.liara.ir/repository/npm/safer-buffer/-/safer-buffer-2.1.2.tgz. Extracting by manifest.
769 silly tarball no local data for semver@https://package-mirror.liara.ir/repository/npm/semver/-/semver-6.3.1.tgz. Extracting by manifest.
770 silly tarball no local data for safe-push-apply@https://package-mirror.liara.ir/repository/npm/safe-push-apply/-/safe-push-apply-1.0.0.tgz. Extracting by manifest.
771 silly tarball no local data for safe-regex-test@https://package-mirror.liara.ir/repository/npm/safe-regex-test/-/safe-regex-test-1.1.0.tgz. Extracting by manifest.
772 silly tarball no local data for scheduler@https://package-mirror.liara.ir/repository/npm/scheduler/-/scheduler-0.27.0.tgz. Extracting by manifest.
773 silly tarball no local data for run-parallel@https://package-mirror.liara.ir/repository/npm/run-parallel/-/run-parallel-1.2.0.tgz. Extracting by manifest.
774 silly tarball no local data for run-applescript@https://package-mirror.liara.ir/repository/npm/run-applescript/-/run-applescript-7.1.0.tgz. Extracting by manifest.
775 silly tarball no local data for safe-array-concat@https://package-mirror.liara.ir/repository/npm/safe-array-concat/-/safe-array-concat-1.1.4.tgz. Extracting by manifest.
776 silly tarball no local data for restore-cursor@https://package-mirror.liara.ir/repository/npm/restore-cursor/-/restore-cursor-5.1.0.tgz. Extracting by manifest.
777 silly tarball no local data for resolve-from@https://package-mirror.liara.ir/repository/npm/resolve-from/-/resolve-from-4.0.0.tgz. Extracting by manifest.
778 silly tarball no local data for reusify@https://package-mirror.liara.ir/repository/npm/reusify/-/reusify-1.1.0.tgz. Extracting by manifest.
779 silly tarball no local data for resolve-pkg-maps@https://package-mirror.liara.ir/repository/npm/resolve-pkg-maps/-/resolve-pkg-maps-1.0.0.tgz. Extracting by manifest.
780 silly tarball no local data for require-from-string@https://package-mirror.liara.ir/repository/npm/require-from-string/-/require-from-string-2.0.2.tgz. Extracting by manifest.
781 silly tarball no local data for router@https://package-mirror.liara.ir/repository/npm/router/-/router-2.2.0.tgz. Extracting by manifest.
782 silly tarball no local data for recast@https://package-mirror.liara.ir/repository/npm/recast/-/recast-0.23.11.tgz. Extracting by manifest.
783 silly tarball no local data for reflect.getprototypeof@https://package-mirror.liara.ir/repository/npm/reflect.getprototypeof/-/reflect.getprototypeof-1.0.10.tgz. Extracting by manifest.
784 silly tarball no local data for regexp.prototype.flags@https://package-mirror.liara.ir/repository/npm/regexp.prototype.flags/-/regexp.prototype.flags-1.5.4.tgz. Extracting by manifest.
785 silly tarball no local data for react-style-singleton@https://package-mirror.liara.ir/repository/npm/react-style-singleton/-/react-style-singleton-2.2.3.tgz. Extracting by manifest.
786 silly tarball no local data for resolve@https://package-mirror.liara.ir/repository/npm/resolve/-/resolve-2.0.0-next.7.tgz. Extracting by manifest.
787 silly tarball no local data for react-is@https://package-mirror.liara.ir/repository/npm/react-is/-/react-is-16.13.1.tgz. Extracting by manifest.
788 silly tarball no local data for react-hook-form@https://package-mirror.liara.ir/repository/npm/react-hook-form/-/react-hook-form-7.79.0.tgz. Extracting by manifest.
789 silly tarball no local data for react-remove-scroll-bar@https://package-mirror.liara.ir/repository/npm/react-remove-scroll-bar/-/react-remove-scroll-bar-2.3.8.tgz. Extracting by manifest.
790 silly tarball no local data for react-remove-scroll@https://package-mirror.liara.ir/repository/npm/react-remove-scroll/-/react-remove-scroll-2.7.2.tgz. Extracting by manifest.
791 silly tarball no local data for react-easy-crop@https://package-mirror.liara.ir/repository/npm/react-easy-crop/-/react-easy-crop-6.0.2.tgz. Extracting by manifest.
792 silly tarball no local data for react-dom@https://registry.npmjs.org/react-dom/-/react-dom-19.2.8.tgz. Extracting by manifest.
793 silly tarball no local data for radix-ui@https://package-mirror.liara.ir/repository/npm/radix-ui/-/radix-ui-1.5.0.tgz. Extracting by manifest.
794 silly tarball no local data for range-parser@https://package-mirror.liara.ir/repository/npm/range-parser/-/range-parser-1.2.1.tgz. Extracting by manifest.
795 silly tarball no local data for raw-body@https://package-mirror.liara.ir/repository/npm/raw-body/-/raw-body-3.0.2.tgz. Extracting by manifest.
796 silly tarball no local data for react@https://registry.npmjs.org/react/-/react-19.2.8.tgz. Extracting by manifest.
797 silly tarball no local data for qs@https://package-mirror.liara.ir/repository/npm/qs/-/qs-6.15.2.tgz. Extracting by manifest.
798 silly tarball no local data for punycode@https://package-mirror.liara.ir/repository/npm/punycode/-/punycode-2.3.1.tgz. Extracting by manifest.
799 silly tarball no local data for prop-types@https://package-mirror.liara.ir/repository/npm/prop-types/-/prop-types-15.8.1.tgz. Extracting by manifest.
800 silly tarball no local data for proxy-from-env@https://package-mirror.liara.ir/repository/npm/proxy-from-env/-/proxy-from-env-2.1.0.tgz. Extracting by manifest.
801 silly tarball no local data for prompts@https://package-mirror.liara.ir/repository/npm/prompts/-/prompts-2.4.2.tgz. Extracting by manifest.
802 silly tarball no local data for proxy-addr@https://package-mirror.liara.ir/repository/npm/proxy-addr/-/proxy-addr-2.0.7.tgz. Extracting by manifest.
803 silly tarball no local data for pretty-ms@https://package-mirror.liara.ir/repository/npm/pretty-ms/-/pretty-ms-9.3.0.tgz. Extracting by manifest.
804 silly tarball no local data for prelude-ls@https://package-mirror.liara.ir/repository/npm/prelude-ls/-/prelude-ls-1.2.1.tgz. Extracting by manifest.
805 silly tarball no local data for queue-microtask@https://package-mirror.liara.ir/repository/npm/queue-microtask/-/queue-microtask-1.2.3.tgz. Extracting by manifest.
806 silly tarball no local data for powershell-utils@https://package-mirror.liara.ir/repository/npm/powershell-utils/-/powershell-utils-0.1.0.tgz. Extracting by manifest.
807 silly tarball no local data for postcss@https://package-mirror.liara.ir/repository/npm/postcss/-/postcss-8.5.15.tgz. Extracting by manifest.
808 silly tarball no local data for postcss-selector-parser@https://package-mirror.liara.ir/repository/npm/postcss-selector-parser/-/postcss-selector-parser-7.1.4.tgz. Extracting by manifest.
809 silly tarball no local data for pkce-challenge@https://package-mirror.liara.ir/repository/npm/pkce-challenge/-/pkce-challenge-5.0.1.tgz. Extracting by manifest.
810 silly tarball no local data for possible-typed-array-names@https://package-mirror.liara.ir/repository/npm/possible-typed-array-names/-/possible-typed-array-names-1.1.0.tgz. Extracting by manifest.
811 silly tarball no local data for picomatch@https://package-mirror.liara.ir/repository/npm/picomatch/-/picomatch-2.3.2.tgz. Extracting by manifest.
812 silly tarball no local data for picocolors@https://package-mirror.liara.ir/repository/npm/picocolors/-/picocolors-1.1.1.tgz. Extracting by manifest.
813 silly tarball no local data for path-to-regexp@https://package-mirror.liara.ir/repository/npm/path-to-regexp/-/path-to-regexp-8.4.2.tgz. Extracting by manifest.
814 silly tarball no local data for path-browserify@https://package-mirror.liara.ir/repository/npm/path-browserify/-/path-browserify-1.0.1.tgz. Extracting by manifest.
815 silly tarball no local data for path-exists@https://package-mirror.liara.ir/repository/npm/path-exists/-/path-exists-4.0.0.tgz. Extracting by manifest.
816 silly tarball no local data for path-parse@https://package-mirror.liara.ir/repository/npm/path-parse/-/path-parse-1.0.7.tgz. Extracting by manifest.
817 silly tarball no local data for parseurl@https://package-mirror.liara.ir/repository/npm/parseurl/-/parseurl-1.3.3.tgz. Extracting by manifest.
818 silly tarball no local data for parse-json@https://package-mirror.liara.ir/repository/npm/parse-json/-/parse-json-5.2.0.tgz. Extracting by manifest.
819 silly tarball no local data for path-key@https://package-mirror.liara.ir/repository/npm/path-key/-/path-key-3.1.1.tgz. Extracting by manifest.
820 silly tarball no local data for own-keys@https://package-mirror.liara.ir/repository/npm/own-keys/-/own-keys-1.0.1.tgz. Extracting by manifest.
821 silly tarball no local data for p-locate@https://package-mirror.liara.ir/repository/npm/p-locate/-/p-locate-5.0.0.tgz. Extracting by manifest.
822 silly tarball no local data for parse-ms@https://package-mirror.liara.ir/repository/npm/parse-ms/-/parse-ms-4.0.0.tgz. Extracting by manifest.
823 silly tarball no local data for ora@https://package-mirror.liara.ir/repository/npm/ora/-/ora-8.2.0.tgz. Extracting by manifest.
824 silly tarball no local data for parent-module@https://package-mirror.liara.ir/repository/npm/parent-module/-/parent-module-1.0.1.tgz. Extracting by manifest.
825 silly tarball no local data for p-limit@https://package-mirror.liara.ir/repository/npm/p-limit/-/p-limit-3.1.0.tgz. Extracting by manifest.
826 silly tarball no local data for onetime@https://package-mirror.liara.ir/repository/npm/onetime/-/onetime-7.0.0.tgz. Extracting by manifest.
827 silly tarball no local data for optionator@https://package-mirror.liara.ir/repository/npm/optionator/-/optionator-0.9.4.tgz. Extracting by manifest.
828 silly tarball no local data for once@https://package-mirror.liara.ir/repository/npm/once/-/once-1.4.0.tgz. Extracting by manifest.
829 silly tarball no local data for on-finished@https://package-mirror.liara.ir/repository/npm/on-finished/-/on-finished-2.4.1.tgz. Extracting by manifest.
830 silly tarball no local data for object.values@https://package-mirror.liara.ir/repository/npm/object.values/-/object.values-1.2.1.tgz. Extracting by manifest.
831 silly tarball no local data for object.groupby@https://package-mirror.liara.ir/repository/npm/object.groupby/-/object.groupby-1.0.3.tgz. Extracting by manifest.
832 silly tarball no local data for object.fromentries@https://package-mirror.liara.ir/repository/npm/object.fromentries/-/object.fromentries-2.0.8.tgz. Extracting by manifest.
833 silly tarball no local data for object.assign@https://package-mirror.liara.ir/repository/npm/object.assign/-/object.assign-4.1.7.tgz. Extracting by manifest.
834 silly tarball no local data for object-treeify@https://package-mirror.liara.ir/repository/npm/object-treeify/-/object-treeify-1.1.33.tgz. Extracting by manifest.
835 silly tarball no local data for object.entries@https://package-mirror.liara.ir/repository/npm/object.entries/-/object.entries-1.1.9.tgz. Extracting by manifest.
836 silly tarball no local data for object-keys@https://package-mirror.liara.ir/repository/npm/object-keys/-/object-keys-1.1.1.tgz. Extracting by manifest.
837 silly tarball no local data for object-inspect@https://package-mirror.liara.ir/repository/npm/object-inspect/-/object-inspect-1.13.4.tgz. Extracting by manifest.
838 silly tarball no local data for open@https://package-mirror.liara.ir/repository/npm/open/-/open-11.0.0.tgz. Extracting by manifest.
839 silly tarball no local data for normalize-wheel@https://package-mirror.liara.ir/repository/npm/normalize-wheel/-/normalize-wheel-1.0.1.tgz. Extracting by manifest.
840 silly tarball no local data for node-releases@https://package-mirror.liara.ir/repository/npm/node-releases/-/node-releases-2.0.47.tgz. Extracting by manifest.
841 silly tarball no local data for object-assign@https://package-mirror.liara.ir/repository/npm/object-assign/-/object-assign-4.1.1.tgz. Extracting by manifest.
842 silly tarball no local data for next-themes@https://package-mirror.liara.ir/repository/npm/next-themes/-/next-themes-0.4.6.tgz. Extracting by manifest.
843 silly tarball no local data for npm-run-path@https://package-mirror.liara.ir/repository/npm/npm-run-path/-/npm-run-path-6.0.0.tgz. Extracting by manifest.
844 silly tarball no local data for node-exports-info@https://package-mirror.liara.ir/repository/npm/node-exports-info/-/node-exports-info-1.6.0.tgz. Extracting by manifest.
845 silly tarball no local data for napi-postinstall@https://package-mirror.liara.ir/repository/npm/napi-postinstall/-/napi-postinstall-0.3.4.tgz. Extracting by manifest.
846 silly tarball no local data for next@https://registry.npmjs.org/next/-/next-16.3.0.tgz. Extracting by manifest.
847 silly tarball no local data for natural-compare@https://package-mirror.liara.ir/repository/npm/natural-compare/-/natural-compare-1.4.0.tgz. Extracting by manifest.
848 silly tarball no local data for nanoid@https://registry.npmjs.org/nanoid/-/nanoid-3.3.18.tgz. Extracting by manifest.
849 silly tarball no local data for negotiator@https://package-mirror.liara.ir/repository/npm/negotiator/-/negotiator-1.0.0.tgz. Extracting by manifest.
850 silly tarball no local data for motion-utils@https://package-mirror.liara.ir/repository/npm/motion-utils/-/motion-utils-12.39.0.tgz. Extracting by manifest.
851 silly tarball no local data for minimist@https://package-mirror.liara.ir/repository/npm/minimist/-/minimist-1.2.8.tgz. Extracting by manifest.
852 silly tarball no local data for ms@https://package-mirror.liara.ir/repository/npm/ms/-/ms-2.1.3.tgz. Extracting by manifest.
853 silly tarball no local data for mimic-function@https://package-mirror.liara.ir/repository/npm/mimic-function/-/mimic-function-5.0.1.tgz. Extracting by manifest.
854 silly tarball no local data for motion-dom@https://package-mirror.liara.ir/repository/npm/motion-dom/-/motion-dom-12.42.2.tgz. Extracting by manifest.
855 silly tarball no local data for minimatch@https://package-mirror.liara.ir/repository/npm/minimatch/-/minimatch-3.1.5.tgz. Extracting by manifest.
856 silly tarball no local data for mimic-fn@https://package-mirror.liara.ir/repository/npm/mimic-fn/-/mimic-fn-2.1.0.tgz. Extracting by manifest.
857 silly tarball no local data for mime-types@https://package-mirror.liara.ir/repository/npm/mime-types/-/mime-types-3.0.2.tgz. Extracting by manifest.
858 silly tarball no local data for mime-db@https://package-mirror.liara.ir/repository/npm/mime-db/-/mime-db-1.54.0.tgz. Extracting by manifest.
859 silly tarball no local data for merge2@https://package-mirror.liara.ir/repository/npm/merge2/-/merge2-1.4.1.tgz. Extracting by manifest.
860 silly tarball no local data for micromatch@https://package-mirror.liara.ir/repository/npm/micromatch/-/micromatch-4.0.8.tgz. Extracting by manifest.
861 silly tarball no local data for merge-stream@https://package-mirror.liara.ir/repository/npm/merge-stream/-/merge-stream-2.0.0.tgz. Extracting by manifest.
862 silly tarball no local data for media-typer@https://package-mirror.liara.ir/repository/npm/media-typer/-/media-typer-1.1.0.tgz. Extracting by manifest.
863 silly tarball no local data for math-intrinsics@https://package-mirror.liara.ir/repository/npm/math-intrinsics/-/math-intrinsics-1.1.0.tgz. Extracting by manifest.
864 silly tarball no local data for merge-descriptors@https://package-mirror.liara.ir/repository/npm/merge-descriptors/-/merge-descriptors-2.0.0.tgz. Extracting by manifest.
865 silly tarball no local data for magic-string@https://package-mirror.liara.ir/repository/npm/magic-string/-/magic-string-0.30.21.tgz. Extracting by manifest.
866 silly tarball no local data for lru-cache@https://package-mirror.liara.ir/repository/npm/lru-cache/-/lru-cache-5.1.1.tgz. Extracting by manifest.
867 silly tarball no local data for loose-envify@https://package-mirror.liara.ir/repository/npm/loose-envify/-/loose-envify-1.4.0.tgz. Extracting by manifest.
868 silly tarball no local data for lucide-react@https://package-mirror.liara.ir/repository/npm/lucide-react/-/lucide-react-1.21.0.tgz. Extracting by manifest.
869 silly tarball no local data for lodash.merge@https://package-mirror.liara.ir/repository/npm/lodash.merge/-/lodash.merge-4.6.2.tgz. Extracting by manifest.
870 silly tarball no local data for locate-path@https://package-mirror.liara.ir/repository/npm/locate-path/-/locate-path-6.0.0.tgz. Extracting by manifest.
871 silly tarball no local data for log-symbols@https://package-mirror.liara.ir/repository/npm/log-symbols/-/log-symbols-6.0.0.tgz. Extracting by manifest.
872 silly tarball no local data for lightningcss-win32-x64-msvc@https://package-mirror.liara.ir/repository/npm/lightningcss-win32-x64-msvc/-/lightningcss-win32-x64-msvc-1.32.0.tgz. Extracting by manifest.
873 silly tarball no local data for lines-and-columns@https://package-mirror.liara.ir/repository/npm/lines-and-columns/-/lines-and-columns-1.2.4.tgz. Extracting by manifest.
874 silly tarball no local data for lightningcss@https://package-mirror.liara.ir/repository/npm/lightningcss/-/lightningcss-1.32.0.tgz. Extracting by manifest.
875 silly tarball no local data for language-subtag-registry@https://package-mirror.liara.ir/repository/npm/language-subtag-registry/-/language-subtag-registry-0.3.23.tgz. Extracting by manifest.
876 silly tarball no local data for levn@https://package-mirror.liara.ir/repository/npm/levn/-/levn-0.4.1.tgz. Extracting by manifest.
877 silly tarball no local data for language-tags@https://package-mirror.liara.ir/repository/npm/language-tags/-/language-tags-1.0.9.tgz. Extracting by manifest.
878 silly tarball no local data for keyv@https://package-mirror.liara.ir/repository/npm/keyv/-/keyv-4.5.4.tgz. Extracting by manifest.
879 silly tarball no local data for kleur@https://package-mirror.liara.ir/repository/npm/kleur/-/kleur-4.1.5.tgz. Extracting by manifest.
880 silly tarball no local data for jsonfile@https://package-mirror.liara.ir/repository/npm/jsonfile/-/jsonfile-6.2.1.tgz. Extracting by manifest.
881 silly tarball no local data for json5@https://package-mirror.liara.ir/repository/npm/json5/-/json5-2.2.3.tgz. Extracting by manifest.
882 silly tarball no local data for jsx-ast-utils@https://package-mirror.liara.ir/repository/npm/jsx-ast-utils/-/jsx-ast-utils-3.3.5.tgz. Extracting by manifest.
883 silly tarball no local data for json-stable-stringify-without-jsonify@https://package-mirror.liara.ir/repository/npm/json-stable-stringify-without-jsonify/-/json-stable-stringify-without-jsonify-1.0.1.tgz. Extracting by manifest.
884 silly tarball no local data for json-schema-typed@https://package-mirror.liara.ir/repository/npm/json-schema-typed/-/json-schema-typed-8.0.2.tgz. Extracting by manifest.
885 silly tarball no local data for jsesc@https://package-mirror.liara.ir/repository/npm/jsesc/-/jsesc-3.1.0.tgz. Extracting by manifest.
886 silly tarball no local data for json-parse-even-better-errors@https://package-mirror.liara.ir/repository/npm/json-parse-even-better-errors/-/json-parse-even-better-errors-2.3.1.tgz. Extracting by manifest.
887 silly tarball no local data for json-schema-traverse@https://package-mirror.liara.ir/repository/npm/json-schema-traverse/-/json-schema-traverse-0.4.1.tgz. Extracting by manifest.
888 silly tarball no local data for json-buffer@https://package-mirror.liara.ir/repository/npm/json-buffer/-/json-buffer-3.0.1.tgz. Extracting by manifest.
889 silly tarball no local data for js-tokens@https://package-mirror.liara.ir/repository/npm/js-tokens/-/js-tokens-4.0.0.tgz. Extracting by manifest.
890 silly tarball no local data for jose@https://package-mirror.liara.ir/repository/npm/jose/-/jose-6.2.3.tgz. Extracting by manifest.
891 silly tarball no local data for js-yaml@https://package-mirror.liara.ir/repository/npm/js-yaml/-/js-yaml-4.2.0.tgz. Extracting by manifest.
892 silly tarball no local data for jiti@https://package-mirror.liara.ir/repository/npm/jiti/-/jiti-2.7.0.tgz. Extracting by manifest.
893 silly tarball no local data for iterator.prototype@https://package-mirror.liara.ir/repository/npm/iterator.prototype/-/iterator.prototype-1.1.5.tgz. Extracting by manifest.
894 silly tarball no local data for isexe@https://package-mirror.liara.ir/repository/npm/isexe/-/isexe-2.0.0.tgz. Extracting by manifest.
895 silly tarball no local data for isarray@https://package-mirror.liara.ir/repository/npm/isarray/-/isarray-2.0.5.tgz. Extracting by manifest.
896 silly tarball no local data for is-wsl@https://package-mirror.liara.ir/repository/npm/is-wsl/-/is-wsl-3.1.1.tgz. Extracting by manifest.
897 silly tarball no local data for is-weakmap@https://package-mirror.liara.ir/repository/npm/is-weakmap/-/is-weakmap-2.0.2.tgz. Extracting by manifest.
898 silly tarball no local data for is-weakref@https://package-mirror.liara.ir/repository/npm/is-weakref/-/is-weakref-1.1.1.tgz. Extracting by manifest.
899 silly tarball no local data for is-weakset@https://package-mirror.liara.ir/repository/npm/is-weakset/-/is-weakset-2.0.4.tgz. Extracting by manifest.
900 silly tarball no local data for is-typed-array@https://package-mirror.liara.ir/repository/npm/is-typed-array/-/is-typed-array-1.1.15.tgz. Extracting by manifest.
901 silly tarball no local data for is-string@https://package-mirror.liara.ir/repository/npm/is-string/-/is-string-1.1.1.tgz. Extracting by manifest.
902 silly tarball no local data for is-shared-array-buffer@https://package-mirror.liara.ir/repository/npm/is-shared-array-buffer/-/is-shared-array-buffer-1.0.4.tgz. Extracting by manifest.
903 silly tarball no local data for is-symbol@https://package-mirror.liara.ir/repository/npm/is-symbol/-/is-symbol-1.1.1.tgz. Extracting by manifest.
904 silly tarball no local data for is-stream@https://package-mirror.liara.ir/repository/npm/is-stream/-/is-stream-4.0.1.tgz. Extracting by manifest.
905 silly tarball no local data for is-unicode-supported@https://package-mirror.liara.ir/repository/npm/is-unicode-supported/-/is-unicode-supported-2.1.0.tgz. Extracting by manifest.
906 silly tarball no local data for is-set@https://package-mirror.liara.ir/repository/npm/is-set/-/is-set-2.0.3.tgz. Extracting by manifest.
907 silly tarball no local data for is-regex@https://package-mirror.liara.ir/repository/npm/is-regex/-/is-regex-1.2.1.tgz. Extracting by manifest.
908 silly tarball no local data for is-regexp@https://package-mirror.liara.ir/repository/npm/is-regexp/-/is-regexp-3.1.0.tgz. Extracting by manifest.
909 silly tarball no local data for is-number-object@https://package-mirror.liara.ir/repository/npm/is-number-object/-/is-number-object-1.1.1.tgz. Extracting by manifest.
910 silly tarball no local data for is-promise@https://package-mirror.liara.ir/repository/npm/is-promise/-/is-promise-4.0.0.tgz. Extracting by manifest.
911 silly tarball no local data for is-plain-obj@https://package-mirror.liara.ir/repository/npm/is-plain-obj/-/is-plain-obj-4.1.0.tgz. Extracting by manifest.
912 silly tarball no local data for is-obj@https://package-mirror.liara.ir/repository/npm/is-obj/-/is-obj-3.0.0.tgz. Extracting by manifest.
913 silly tarball no local data for is-negative-zero@https://package-mirror.liara.ir/repository/npm/is-negative-zero/-/is-negative-zero-2.0.3.tgz. Extracting by manifest.
914 silly tarball no local data for is-number@https://package-mirror.liara.ir/repository/npm/is-number/-/is-number-7.0.0.tgz. Extracting by manifest.
915 silly tarball no local data for is-interactive@https://package-mirror.liara.ir/repository/npm/is-interactive/-/is-interactive-2.0.0.tgz. Extracting by manifest.
916 silly tarball no local data for is-in-ssh@https://package-mirror.liara.ir/repository/npm/is-in-ssh/-/is-in-ssh-1.0.0.tgz. Extracting by manifest.
917 silly tarball no local data for is-glob@https://package-mirror.liara.ir/repository/npm/is-glob/-/is-glob-4.0.3.tgz. Extracting by manifest.
918 silly tarball no local data for is-map@https://package-mirror.liara.ir/repository/npm/is-map/-/is-map-2.0.3.tgz. Extracting by manifest.
919 silly tarball no local data for is-inside-container@https://package-mirror.liara.ir/repository/npm/is-inside-container/-/is-inside-container-1.0.0.tgz. Extracting by manifest.
920 silly tarball no local data for is-generator-function@https://package-mirror.liara.ir/repository/npm/is-generator-function/-/is-generator-function-1.1.2.tgz. Extracting by manifest.
921 silly tarball no local data for is-finalizationregistry@https://package-mirror.liara.ir/repository/npm/is-finalizationregistry/-/is-finalizationregistry-1.1.1.tgz. Extracting by manifest.
922 silly tarball no local data for is-docker@https://package-mirror.liara.ir/repository/npm/is-docker/-/is-docker-3.0.0.tgz. Extracting by manifest.
923 silly tarball no local data for is-data-view@https://package-mirror.liara.ir/repository/npm/is-data-view/-/is-data-view-1.0.2.tgz. Extracting by manifest.
924 silly tarball no local data for is-extglob@https://package-mirror.liara.ir/repository/npm/is-extglob/-/is-extglob-2.1.1.tgz. Extracting by manifest.
925 silly tarball no local data for is-date-object@https://package-mirror.liara.ir/repository/npm/is-date-object/-/is-date-object-1.1.0.tgz. Extracting by manifest.
926 silly tarball no local data for is-callable@https://package-mirror.liara.ir/repository/npm/is-callable/-/is-callable-1.2.7.tgz. Extracting by manifest.
927 silly tarball no local data for is-core-module@https://package-mirror.liara.ir/repository/npm/is-core-module/-/is-core-module-2.16.2.tgz. Extracting by manifest.
928 silly tarball no local data for is-boolean-object@https://package-mirror.liara.ir/repository/npm/is-boolean-object/-/is-boolean-object-1.2.2.tgz. Extracting by manifest.
929 silly tarball no local data for is-async-function@https://package-mirror.liara.ir/repository/npm/is-async-function/-/is-async-function-2.1.1.tgz. Extracting by manifest.
930 silly tarball no local data for is-bun-module@https://package-mirror.liara.ir/repository/npm/is-bun-module/-/is-bun-module-2.0.0.tgz. Extracting by manifest.
931 silly tarball no local data for is-arrayish@https://package-mirror.liara.ir/repository/npm/is-arrayish/-/is-arrayish-0.2.1.tgz. Extracting by manifest.
932 silly tarball no local data for is-bigint@https://package-mirror.liara.ir/repository/npm/is-bigint/-/is-bigint-1.1.0.tgz. Extracting by manifest.
933 silly tarball no local data for ip-address@https://package-mirror.liara.ir/repository/npm/ip-address/-/ip-address-10.2.0.tgz. Extracting by manifest.
934 silly tarball no local data for is-array-buffer@https://package-mirror.liara.ir/repository/npm/is-array-buffer/-/is-array-buffer-3.0.5.tgz. Extracting by manifest.
935 silly tarball no local data for ipaddr.js@https://package-mirror.liara.ir/repository/npm/ipaddr.js/-/ipaddr.js-1.9.1.tgz. Extracting by manifest.
936 silly tarball no local data for internal-slot@https://package-mirror.liara.ir/repository/npm/internal-slot/-/internal-slot-1.1.0.tgz. Extracting by manifest.
937 silly tarball no local data for inherits@https://package-mirror.liara.ir/repository/npm/inherits/-/inherits-2.0.4.tgz. Extracting by manifest.
938 silly tarball no local data for import-fresh@https://package-mirror.liara.ir/repository/npm/import-fresh/-/import-fresh-3.3.1.tgz. Extracting by manifest.
939 silly tarball no local data for imurmurhash@https://package-mirror.liara.ir/repository/npm/imurmurhash/-/imurmurhash-0.1.4.tgz. Extracting by manifest.
940 silly tarball no local data for iconv-lite@https://package-mirror.liara.ir/repository/npm/iconv-lite/-/iconv-lite-0.7.2.tgz. Extracting by manifest.
941 silly tarball no local data for ignore@https://package-mirror.liara.ir/repository/npm/ignore/-/ignore-5.3.2.tgz. Extracting by manifest.
942 silly tarball no local data for human-signals@https://package-mirror.liara.ir/repository/npm/human-signals/-/human-signals-8.0.1.tgz. Extracting by manifest.
943 silly tarball no local data for hono@https://package-mirror.liara.ir/repository/npm/hono/-/hono-4.12.25.tgz. Extracting by manifest.
944 silly tarball no local data for http-errors@https://package-mirror.liara.ir/repository/npm/http-errors/-/http-errors-2.0.1.tgz. Extracting by manifest.
945 silly tarball no local data for hermes-parser@https://package-mirror.liara.ir/repository/npm/hermes-parser/-/hermes-parser-0.25.1.tgz. Extracting by manifest.
946 silly tarball no local data for hermes-estree@https://package-mirror.liara.ir/repository/npm/hermes-estree/-/hermes-estree-0.25.1.tgz. Extracting by manifest.
947 silly tarball no local data for has-tostringtag@https://package-mirror.liara.ir/repository/npm/has-tostringtag/-/has-tostringtag-1.0.2.tgz. Extracting by manifest.
948 silly tarball no local data for hasown@https://package-mirror.liara.ir/repository/npm/hasown/-/hasown-2.0.4.tgz. Extracting by manifest.
949 silly tarball no local data for has-property-descriptors@https://package-mirror.liara.ir/repository/npm/has-property-descriptors/-/has-property-descriptors-1.0.2.tgz. Extracting by manifest.
950 silly tarball no local data for has-proto@https://package-mirror.liara.ir/repository/npm/has-proto/-/has-proto-1.2.0.tgz. Extracting by manifest.
951 silly tarball no local data for has-symbols@https://package-mirror.liara.ir/repository/npm/has-symbols/-/has-symbols-1.1.0.tgz. Extracting by manifest.
952 silly tarball no local data for has-flag@https://package-mirror.liara.ir/repository/npm/has-flag/-/has-flag-4.0.0.tgz. Extracting by manifest.
953 silly tarball no local data for gopd@https://package-mirror.liara.ir/repository/npm/gopd/-/gopd-1.2.0.tgz. Extracting by manifest.
954 silly tarball no local data for has-bigints@https://package-mirror.liara.ir/repository/npm/has-bigints/-/has-bigints-1.1.0.tgz. Extracting by manifest.
955 silly tarball no local data for globalthis@https://package-mirror.liara.ir/repository/npm/globalthis/-/globalthis-1.0.4.tgz. Extracting by manifest.
956 silly tarball no local data for graceful-fs@https://package-mirror.liara.ir/repository/npm/graceful-fs/-/graceful-fs-4.2.11.tgz. Extracting by manifest.
957 silly tarball no local data for globals@https://package-mirror.liara.ir/repository/npm/globals/-/globals-14.0.0.tgz. Extracting by manifest.
958 silly tarball no local data for glob-parent@https://package-mirror.liara.ir/repository/npm/glob-parent/-/glob-parent-6.0.2.tgz. Extracting by manifest.
959 silly tarball no local data for get-symbol-description@https://package-mirror.liara.ir/repository/npm/get-symbol-description/-/get-symbol-description-1.1.0.tgz. Extracting by manifest.
960 silly tarball no local data for get-tsconfig@https://package-mirror.liara.ir/repository/npm/get-tsconfig/-/get-tsconfig-4.14.0.tgz. Extracting by manifest.
961 silly tarball no local data for get-stream@https://package-mirror.liara.ir/repository/npm/get-stream/-/get-stream-9.0.1.tgz. Extracting by manifest.
962 silly tarball no local data for get-intrinsic@https://package-mirror.liara.ir/repository/npm/get-intrinsic/-/get-intrinsic-1.3.0.tgz. Extracting by manifest.
963 silly tarball no local data for get-own-enumerable-keys@https://package-mirror.liara.ir/repository/npm/get-own-enumerable-keys/-/get-own-enumerable-keys-1.0.0.tgz. Extracting by manifest.
964 silly tarball no local data for get-proto@https://package-mirror.liara.ir/repository/npm/get-proto/-/get-proto-1.0.1.tgz. Extracting by manifest.
965 silly tarball no local data for gensync@https://package-mirror.liara.ir/repository/npm/gensync/-/gensync-1.0.0-beta.2.tgz. Extracting by manifest.
966 silly tarball no local data for get-nonce@https://package-mirror.liara.ir/repository/npm/get-nonce/-/get-nonce-1.0.1.tgz. Extracting by manifest.
967 silly tarball no local data for generator-function@https://package-mirror.liara.ir/repository/npm/generator-function/-/generator-function-2.0.1.tgz. Extracting by manifest.
968 silly tarball no local data for function.prototype.name@https://package-mirror.liara.ir/repository/npm/function.prototype.name/-/function.prototype.name-1.1.8.tgz. Extracting by manifest.
969 silly tarball no local data for get-east-asian-width@https://package-mirror.liara.ir/repository/npm/get-east-asian-width/-/get-east-asian-width-1.6.0.tgz. Extracting by manifest.
970 silly tarball no local data for function-bind@https://package-mirror.liara.ir/repository/npm/function-bind/-/function-bind-1.1.2.tgz. Extracting by manifest.
971 silly tarball no local data for fuzzysort@https://package-mirror.liara.ir/repository/npm/fuzzysort/-/fuzzysort-3.1.0.tgz. Extracting by manifest.
972 silly tarball no local data for functions-have-names@https://package-mirror.liara.ir/repository/npm/functions-have-names/-/functions-have-names-1.2.3.tgz. Extracting by manifest.
973 silly tarball no local data for fresh@https://package-mirror.liara.ir/repository/npm/fresh/-/fresh-2.0.0.tgz. Extracting by manifest.
974 silly tarball no local data for fs-extra@https://package-mirror.liara.ir/repository/npm/fs-extra/-/fs-extra-11.3.5.tgz. Extracting by manifest.
975 silly tarball no local data for forwarded@https://package-mirror.liara.ir/repository/npm/forwarded/-/forwarded-0.2.0.tgz. Extracting by manifest.
976 silly tarball no local data for form-data@https://package-mirror.liara.ir/repository/npm/form-data/-/form-data-4.0.6.tgz. Extracting by manifest.
977 silly tarball no local data for follow-redirects@https://package-mirror.liara.ir/repository/npm/follow-redirects/-/follow-redirects-1.16.0.tgz. Extracting by manifest.
978 silly tarball no local data for framer-motion@https://package-mirror.liara.ir/repository/npm/framer-motion/-/framer-motion-12.42.2.tgz. Extracting by manifest.
979 silly tarball no local data for for-each@https://package-mirror.liara.ir/repository/npm/for-each/-/for-each-0.3.5.tgz. Extracting by manifest.
980 silly tarball no local data for flatted@https://package-mirror.liara.ir/repository/npm/flatted/-/flatted-3.4.2.tgz. Extracting by manifest.
981 silly tarball no local data for flat-cache@https://package-mirror.liara.ir/repository/npm/flat-cache/-/flat-cache-4.0.1.tgz. Extracting by manifest.
982 silly tarball no local data for find-up@https://package-mirror.liara.ir/repository/npm/find-up/-/find-up-5.0.0.tgz. Extracting by manifest.
983 silly tarball no local data for finalhandler@https://package-mirror.liara.ir/repository/npm/finalhandler/-/finalhandler-2.1.1.tgz. Extracting by manifest.
984 silly tarball no local data for file-entry-cache@https://package-mirror.liara.ir/repository/npm/file-entry-cache/-/file-entry-cache-8.0.0.tgz. Extracting by manifest.
985 silly tarball no local data for fill-range@https://package-mirror.liara.ir/repository/npm/fill-range/-/fill-range-7.1.1.tgz. Extracting by manifest.
986 silly tarball no local data for fastq@https://package-mirror.liara.ir/repository/npm/fastq/-/fastq-1.20.1.tgz. Extracting by manifest.
987 silly tarball no local data for fast-uri@https://package-mirror.liara.ir/repository/npm/fast-uri/-/fast-uri-3.1.2.tgz. Extracting by manifest.
988 silly tarball no local data for fast-glob@https://registry.npmjs.org/fast-glob/-/fast-glob-3.3.1.tgz. Extracting by manifest.
989 silly tarball no local data for figures@https://package-mirror.liara.ir/repository/npm/figures/-/figures-6.1.0.tgz. Extracting by manifest.
990 silly tarball no local data for fast-json-stable-stringify@https://package-mirror.liara.ir/repository/npm/fast-json-stable-stringify/-/fast-json-stable-stringify-2.1.0.tgz. Extracting by manifest.
991 silly tarball no local data for fast-deep-equal@https://package-mirror.liara.ir/repository/npm/fast-deep-equal/-/fast-deep-equal-3.1.3.tgz. Extracting by manifest.
992 silly tarball no local data for fast-levenshtein@https://package-mirror.liara.ir/repository/npm/fast-levenshtein/-/fast-levenshtein-2.0.6.tgz. Extracting by manifest.
993 silly tarball no local data for express-rate-limit@https://package-mirror.liara.ir/repository/npm/express-rate-limit/-/express-rate-limit-8.5.2.tgz. Extracting by manifest.
994 silly tarball no local data for execa@https://package-mirror.liara.ir/repository/npm/execa/-/execa-9.6.1.tgz. Extracting by manifest.
995 silly tarball no local data for express@https://package-mirror.liara.ir/repository/npm/express/-/express-5.2.1.tgz. Extracting by manifest.
996 silly tarball no local data for eventsource@https://package-mirror.liara.ir/repository/npm/eventsource/-/eventsource-3.0.7.tgz. Extracting by manifest.
997 silly tarball no local data for eventsource-parser@https://package-mirror.liara.ir/repository/npm/eventsource-parser/-/eventsource-parser-3.1.0.tgz. Extracting by manifest.
998 silly tarball no local data for etag@https://package-mirror.liara.ir/repository/npm/etag/-/etag-1.8.1.tgz. Extracting by manifest.
999 silly tarball no local data for esrecurse@https://package-mirror.liara.ir/repository/npm/esrecurse/-/esrecurse-4.3.0.tgz. Extracting by manifest.
1000 silly tarball no local data for estraverse@https://package-mirror.liara.ir/repository/npm/estraverse/-/estraverse-5.3.0.tgz. Extracting by manifest.
1001 silly tarball no local data for esutils@https://package-mirror.liara.ir/repository/npm/esutils/-/esutils-2.0.3.tgz. Extracting by manifest.
1002 silly tarball no local data for esquery@https://package-mirror.liara.ir/repository/npm/esquery/-/esquery-1.7.0.tgz. Extracting by manifest.
1003 silly tarball no local data for esprima@https://package-mirror.liara.ir/repository/npm/esprima/-/esprima-4.0.1.tgz. Extracting by manifest.
1004 silly tarball no local data for espree@https://package-mirror.liara.ir/repository/npm/espree/-/espree-10.4.0.tgz. Extracting by manifest.
1005 silly tarball no local data for eslint-scope@https://package-mirror.liara.ir/repository/npm/eslint-scope/-/eslint-scope-8.4.0.tgz. Extracting by manifest.
1006 silly tarball no local data for eslint-plugin-react-hooks@https://package-mirror.liara.ir/repository/npm/eslint-plugin-react-hooks/-/eslint-plugin-react-hooks-7.1.1.tgz. Extracting by manifest.
1007 silly tarball no local data for eslint-visitor-keys@https://package-mirror.liara.ir/repository/npm/eslint-visitor-keys/-/eslint-visitor-keys-4.2.1.tgz. Extracting by manifest.
1008 silly tarball no local data for eslint-plugin-react@https://package-mirror.liara.ir/repository/npm/eslint-plugin-react/-/eslint-plugin-react-7.37.5.tgz. Extracting by manifest.
1009 silly tarball no local data for eslint-module-utils@https://package-mirror.liara.ir/repository/npm/eslint-module-utils/-/eslint-module-utils-2.13.0.tgz. Extracting by manifest.
1010 silly tarball no local data for eslint-plugin-jsx-a11y@https://package-mirror.liara.ir/repository/npm/eslint-plugin-jsx-a11y/-/eslint-plugin-jsx-a11y-6.10.2.tgz. Extracting by manifest.
1011 silly tarball no local data for eslint-import-resolver-typescript@https://package-mirror.liara.ir/repository/npm/eslint-import-resolver-typescript/-/eslint-import-resolver-typescript-3.10.1.tgz. Extracting by manifest.
1012 silly tarball no local data for eslint@https://package-mirror.liara.ir/repository/npm/eslint/-/eslint-9.39.4.tgz. Extracting by manifest.
1013 silly tarball no local data for eslint-plugin-import@https://package-mirror.liara.ir/repository/npm/eslint-plugin-import/-/eslint-plugin-import-2.32.0.tgz. Extracting by manifest.
1014 silly tarball no local data for escape-string-regexp@https://package-mirror.liara.ir/repository/npm/escape-string-regexp/-/escape-string-regexp-4.0.0.tgz. Extracting by manifest.
1015 silly tarball no local data for escape-html@https://package-mirror.liara.ir/repository/npm/escape-html/-/escape-html-1.0.3.tgz. Extracting by manifest.
1016 silly tarball no local data for es-to-primitive@https://package-mirror.liara.ir/repository/npm/es-to-primitive/-/es-to-primitive-1.3.0.tgz. Extracting by manifest.
1017 silly tarball no local data for eslint-config-next@https://registry.npmjs.org/eslint-config-next/-/eslint-config-next-16.3.0.tgz. Extracting by manifest.
1018 silly tarball no local data for eslint-import-resolver-node@https://package-mirror.liara.ir/repository/npm/eslint-import-resolver-node/-/eslint-import-resolver-node-0.3.10.tgz. Extracting by manifest.
1019 silly tarball no local data for es-shim-unscopables@https://package-mirror.liara.ir/repository/npm/es-shim-unscopables/-/es-shim-unscopables-1.1.0.tgz. Extracting by manifest.
1020 silly tarball no local data for escalade@https://package-mirror.liara.ir/repository/npm/escalade/-/escalade-3.2.0.tgz. Extracting by manifest.
1021 silly tarball no local data for es-iterator-helpers@https://package-mirror.liara.ir/repository/npm/es-iterator-helpers/-/es-iterator-helpers-1.3.3.tgz. Extracting by manifest.
1022 silly tarball no local data for es-set-tostringtag@https://package-mirror.liara.ir/repository/npm/es-set-tostringtag/-/es-set-tostringtag-2.1.0.tgz. Extracting by manifest.
1023 silly tarball no local data for es-object-atoms@https://package-mirror.liara.ir/repository/npm/es-object-atoms/-/es-object-atoms-1.1.2.tgz. Extracting by manifest.
1024 silly tarball no local data for error-ex@https://package-mirror.liara.ir/repository/npm/error-ex/-/error-ex-1.3.4.tgz. Extracting by manifest.
1025 silly tarball no local data for es-errors@https://package-mirror.liara.ir/repository/npm/es-errors/-/es-errors-1.3.0.tgz. Extracting by manifest.
1026 silly tarball no local data for es-abstract@https://package-mirror.liara.ir/repository/npm/es-abstract/-/es-abstract-1.24.2.tgz. Extracting by manifest.
1027 silly tarball no local data for es-define-property@https://package-mirror.liara.ir/repository/npm/es-define-property/-/es-define-property-1.0.1.tgz. Extracting by manifest.
1028 silly tarball no local data for enquirer@https://package-mirror.liara.ir/repository/npm/enquirer/-/enquirer-2.4.1.tgz. Extracting by manifest.
1029 silly tarball no local data for env-paths@https://package-mirror.liara.ir/repository/npm/env-paths/-/env-paths-2.2.1.tgz. Extracting by manifest.
1030 silly tarball no local data for electron-to-chromium@https://package-mirror.liara.ir/repository/npm/electron-to-chromium/-/electron-to-chromium-1.5.372.tgz. Extracting by manifest.
1031 silly tarball no local data for emoji-regex@https://package-mirror.liara.ir/repository/npm/emoji-regex/-/emoji-regex-9.2.2.tgz. Extracting by manifest.
1032 silly tarball no local data for ee-first@https://package-mirror.liara.ir/repository/npm/ee-first/-/ee-first-1.1.1.tgz. Extracting by manifest.
1033 silly tarball no local data for encodeurl@https://package-mirror.liara.ir/repository/npm/encodeurl/-/encodeurl-2.0.0.tgz. Extracting by manifest.
1034 silly tarball no local data for enhanced-resolve@https://package-mirror.liara.ir/repository/npm/enhanced-resolve/-/enhanced-resolve-5.21.6.tgz. Extracting by manifest.
1035 silly tarball no local data for dunder-proto@https://package-mirror.liara.ir/repository/npm/dunder-proto/-/dunder-proto-1.0.1.tgz. Extracting by manifest.
1036 silly tarball no local data for eciesjs@https://package-mirror.liara.ir/repository/npm/eciesjs/-/eciesjs-0.4.18.tgz. Extracting by manifest.
1037 silly tarball no local data for dompurify@https://registry.npmjs.org/dompurify/-/dompurify-3.4.13.tgz. Extracting by manifest.
1038 silly tarball no local data for doctrine@https://package-mirror.liara.ir/repository/npm/doctrine/-/doctrine-2.1.0.tgz. Extracting by manifest.
1039 silly tarball no local data for diff@https://package-mirror.liara.ir/repository/npm/diff/-/diff-8.0.4.tgz. Extracting by manifest.
1040 silly tarball no local data for detect-node-es@https://package-mirror.liara.ir/repository/npm/detect-node-es/-/detect-node-es-1.1.0.tgz. Extracting by manifest.
1041 silly tarball no local data for dotenv@https://package-mirror.liara.ir/repository/npm/dotenv/-/dotenv-17.4.2.tgz. Extracting by manifest.
1042 silly tarball no local data for detect-libc@https://package-mirror.liara.ir/repository/npm/detect-libc/-/detect-libc-2.1.2.tgz. Extracting by manifest.
1043 silly tarball no local data for delayed-stream@https://package-mirror.liara.ir/repository/npm/delayed-stream/-/delayed-stream-1.0.0.tgz. Extracting by manifest.
1044 silly tarball no local data for depd@https://package-mirror.liara.ir/repository/npm/depd/-/depd-2.0.0.tgz. Extracting by manifest.
1045 silly tarball no local data for define-lazy-prop@https://package-mirror.liara.ir/repository/npm/define-lazy-prop/-/define-lazy-prop-3.0.0.tgz. Extracting by manifest.
1046 silly tarball no local data for define-data-property@https://package-mirror.liara.ir/repository/npm/define-data-property/-/define-data-property-1.1.4.tgz. Extracting by manifest.
1047 silly tarball no local data for define-properties@https://package-mirror.liara.ir/repository/npm/define-properties/-/define-properties-1.2.1.tgz. Extracting by manifest.
1048 silly tarball no local data for default-browser-id@https://package-mirror.liara.ir/repository/npm/default-browser-id/-/default-browser-id-5.0.1.tgz. Extracting by manifest.
1049 silly tarball no local data for default-browser@https://package-mirror.liara.ir/repository/npm/default-browser/-/default-browser-5.5.0.tgz. Extracting by manifest.
1050 silly tarball no local data for deepmerge@https://package-mirror.liara.ir/repository/npm/deepmerge/-/deepmerge-4.3.1.tgz. Extracting by manifest.
1051 silly tarball no local data for dedent@https://package-mirror.liara.ir/repository/npm/dedent/-/dedent-1.7.2.tgz. Extracting by manifest.
1052 silly tarball no local data for debug@https://package-mirror.liara.ir/repository/npm/debug/-/debug-4.4.3.tgz. Extracting by manifest.
1053 silly tarball no local data for deep-is@https://package-mirror.liara.ir/repository/npm/deep-is/-/deep-is-0.1.4.tgz. Extracting by manifest.
1054 silly tarball no local data for date-fns@https://package-mirror.liara.ir/repository/npm/date-fns/-/date-fns-4.4.0.tgz. Extracting by manifest.
1055 silly tarball no local data for data-view-buffer@https://package-mirror.liara.ir/repository/npm/data-view-buffer/-/data-view-buffer-1.0.2.tgz. Extracting by manifest.
1056 silly tarball no local data for data-view-byte-offset@https://package-mirror.liara.ir/repository/npm/data-view-byte-offset/-/data-view-byte-offset-1.0.1.tgz. Extracting by manifest.
1057 silly tarball no local data for damerau-levenshtein@https://package-mirror.liara.ir/repository/npm/damerau-levenshtein/-/damerau-levenshtein-1.0.8.tgz. Extracting by manifest.
1058 silly tarball no local data for data-view-byte-length@https://package-mirror.liara.ir/repository/npm/data-view-byte-length/-/data-view-byte-length-1.0.2.tgz. Extracting by manifest.
1059 silly tarball no local data for date-fns-jalali@https://package-mirror.liara.ir/repository/npm/date-fns-jalali/-/date-fns-jalali-4.4.0-0.tgz. Extracting by manifest.
1060 silly tarball no local data for csstype@https://package-mirror.liara.ir/repository/npm/csstype/-/csstype-3.2.3.tgz. Extracting by manifest.
1061 silly tarball no local data for cssesc@https://package-mirror.liara.ir/repository/npm/cssesc/-/cssesc-3.0.0.tgz. Extracting by manifest.
1062 silly tarball no local data for cross-spawn@https://package-mirror.liara.ir/repository/npm/cross-spawn/-/cross-spawn-7.0.6.tgz. Extracting by manifest.
1063 silly tarball no local data for cosmiconfig@https://package-mirror.liara.ir/repository/npm/cosmiconfig/-/cosmiconfig-9.0.2.tgz. Extracting by manifest.
1064 silly tarball no local data for cors@https://package-mirror.liara.ir/repository/npm/cors/-/cors-2.8.6.tgz. Extracting by manifest.
1065 silly tarball no local data for convert-source-map@https://package-mirror.liara.ir/repository/npm/convert-source-map/-/convert-source-map-2.0.0.tgz. Extracting by manifest.
1066 silly tarball no local data for cookie-signature@https://package-mirror.liara.ir/repository/npm/cookie-signature/-/cookie-signature-1.2.2.tgz. Extracting by manifest.
1067 silly tarball no local data for content-type@https://package-mirror.liara.ir/repository/npm/content-type/-/content-type-1.0.5.tgz. Extracting by manifest.
1068 silly tarball no local data for content-disposition@https://package-mirror.liara.ir/repository/npm/content-disposition/-/content-disposition-1.1.0.tgz. Extracting by manifest.
1069 silly tarball no local data for cookie@https://package-mirror.liara.ir/repository/npm/cookie/-/cookie-0.7.2.tgz. Extracting by manifest.
1070 silly tarball no local data for concat-map@https://package-mirror.liara.ir/repository/npm/concat-map/-/concat-map-0.0.1.tgz. Extracting by manifest.
1071 silly tarball no local data for commander@https://package-mirror.liara.ir/repository/npm/commander/-/commander-14.0.3.tgz. Extracting by manifest.
1072 silly tarball no local data for color-name@https://package-mirror.liara.ir/repository/npm/color-name/-/color-name-1.1.4.tgz. Extracting by manifest.
1073 silly tarball no local data for combined-stream@https://package-mirror.liara.ir/repository/npm/combined-stream/-/combined-stream-1.0.8.tgz. Extracting by manifest.
1074 silly tarball no local data for color-convert@https://package-mirror.liara.ir/repository/npm/color-convert/-/color-convert-2.0.1.tgz. Extracting by manifest.
1075 silly tarball no local data for code-block-writer@https://package-mirror.liara.ir/repository/npm/code-block-writer/-/code-block-writer-13.0.3.tgz. Extracting by manifest.
1076 silly tarball no local data for clsx@https://package-mirror.liara.ir/repository/npm/clsx/-/clsx-2.1.1.tgz. Extracting by manifest.
1077 silly tarball no local data for client-only@https://package-mirror.liara.ir/repository/npm/client-only/-/client-only-0.0.1.tgz. Extracting by manifest.
1078 silly tarball no local data for cli-spinners@https://package-mirror.liara.ir/repository/npm/cli-spinners/-/cli-spinners-2.9.2.tgz. Extracting by manifest.
1079 silly tarball no local data for cli-cursor@https://package-mirror.liara.ir/repository/npm/cli-cursor/-/cli-cursor-5.0.0.tgz. Extracting by manifest.
1080 silly tarball no local data for class-variance-authority@https://package-mirror.liara.ir/repository/npm/class-variance-authority/-/class-variance-authority-0.7.1.tgz. Extracting by manifest.
1081 silly tarball no local data for chalk@https://package-mirror.liara.ir/repository/npm/chalk/-/chalk-4.1.2.tgz. Extracting by manifest.
1082 silly tarball no local data for caniuse-lite@https://package-mirror.liara.ir/repository/npm/caniuse-lite/-/caniuse-lite-1.0.30001799.tgz. Extracting by manifest.
1083 silly tarball no local data for call-bound@https://package-mirror.liara.ir/repository/npm/call-bound/-/call-bound-1.0.4.tgz. Extracting by manifest.
1084 silly tarball no local data for call-bind-apply-helpers@https://package-mirror.liara.ir/repository/npm/call-bind-apply-helpers/-/call-bind-apply-helpers-1.0.2.tgz. Extracting by manifest.
1085 silly tarball no local data for callsites@https://package-mirror.liara.ir/repository/npm/callsites/-/callsites-3.1.0.tgz. Extracting by manifest.
1086 silly tarball no local data for call-bind@https://package-mirror.liara.ir/repository/npm/call-bind/-/call-bind-1.0.9.tgz. Extracting by manifest.
1087 silly tarball no local data for bytes@https://package-mirror.liara.ir/repository/npm/bytes/-/bytes-3.1.2.tgz. Extracting by manifest.
1088 silly tarball no local data for bundle-name@https://package-mirror.liara.ir/repository/npm/bundle-name/-/bundle-name-4.1.0.tgz. Extracting by manifest.
1089 silly tarball no local data for brace-expansion@https://package-mirror.liara.ir/repository/npm/brace-expansion/-/brace-expansion-1.1.15.tgz. Extracting by manifest.
1090 silly tarball no local data for browserslist@https://package-mirror.liara.ir/repository/npm/browserslist/-/browserslist-4.28.2.tgz. Extracting by manifest.
1091 silly tarball no local data for braces@https://package-mirror.liara.ir/repository/npm/braces/-/braces-3.0.3.tgz. Extracting by manifest.
1092 silly tarball no local data for body-parser@https://package-mirror.liara.ir/repository/npm/body-parser/-/body-parser-2.2.2.tgz. Extracting by manifest.
1093 silly tarball no local data for baseline-browser-mapping@https://package-mirror.liara.ir/repository/npm/baseline-browser-mapping/-/baseline-browser-mapping-2.10.37.tgz. Extracting by manifest.
1094 silly tarball no local data for axios@https://registry.npmjs.org/axios/-/axios-1.19.0.tgz. Extracting by manifest.
1095 silly tarball no local data for balanced-match@https://package-mirror.liara.ir/repository/npm/balanced-match/-/balanced-match-1.0.2.tgz. Extracting by manifest.
1096 silly tarball no local data for axobject-query@https://package-mirror.liara.ir/repository/npm/axobject-query/-/axobject-query-4.1.0.tgz. Extracting by manifest.
1097 silly tarball no local data for available-typed-arrays@https://package-mirror.liara.ir/repository/npm/available-typed-arrays/-/available-typed-arrays-1.0.7.tgz. Extracting by manifest.
1098 silly tarball no local data for axe-core@https://package-mirror.liara.ir/repository/npm/axe-core/-/axe-core-4.12.1.tgz. Extracting by manifest.
1099 silly tarball no local data for asynckit@https://package-mirror.liara.ir/repository/npm/asynckit/-/asynckit-0.4.0.tgz. Extracting by manifest.
1100 silly tarball no local data for ast-types-flow@https://package-mirror.liara.ir/repository/npm/ast-types-flow/-/ast-types-flow-0.0.8.tgz. Extracting by manifest.
1101 silly tarball no local data for arraybuffer.prototype.slice@https://package-mirror.liara.ir/repository/npm/arraybuffer.prototype.slice/-/arraybuffer.prototype.slice-1.0.4.tgz. Extracting by manifest.
1102 silly tarball no local data for async-function@https://package-mirror.liara.ir/repository/npm/async-function/-/async-function-1.0.0.tgz. Extracting by manifest.
1103 silly tarball no local data for ast-types@https://package-mirror.liara.ir/repository/npm/ast-types/-/ast-types-0.16.1.tgz. Extracting by manifest.
1104 silly tarball no local data for array.prototype.flatmap@https://package-mirror.liara.ir/repository/npm/array.prototype.flatmap/-/array.prototype.flatmap-1.3.3.tgz. Extracting by manifest.
1105 silly tarball no local data for array.prototype.findlastindex@https://package-mirror.liara.ir/repository/npm/array.prototype.findlastindex/-/array.prototype.findlastindex-1.2.6.tgz. Extracting by manifest.
1106 silly tarball no local data for array.prototype.flat@https://package-mirror.liara.ir/repository/npm/array.prototype.flat/-/array.prototype.flat-1.3.3.tgz. Extracting by manifest.
1107 silly tarball no local data for array.prototype.tosorted@https://package-mirror.liara.ir/repository/npm/array.prototype.tosorted/-/array.prototype.tosorted-1.1.4.tgz. Extracting by manifest.
1108 silly tarball no local data for array.prototype.findlast@https://package-mirror.liara.ir/repository/npm/array.prototype.findlast/-/array.prototype.findlast-1.2.5.tgz. Extracting by manifest.
1109 silly tarball no local data for array-includes@https://package-mirror.liara.ir/repository/npm/array-includes/-/array-includes-3.1.9.tgz. Extracting by manifest.
1110 silly tarball no local data for aria-query@https://package-mirror.liara.ir/repository/npm/aria-query/-/aria-query-5.3.2.tgz. Extracting by manifest.
1111 silly tarball no local data for aria-hidden@https://package-mirror.liara.ir/repository/npm/aria-hidden/-/aria-hidden-1.2.6.tgz. Extracting by manifest.
1112 silly tarball no local data for array-buffer-byte-length@https://package-mirror.liara.ir/repository/npm/array-buffer-byte-length/-/array-buffer-byte-length-1.0.2.tgz. Extracting by manifest.
1113 silly tarball no local data for ansi-styles@https://package-mirror.liara.ir/repository/npm/ansi-styles/-/ansi-styles-4.3.0.tgz. Extracting by manifest.
1114 silly tarball no local data for argparse@https://package-mirror.liara.ir/repository/npm/argparse/-/argparse-2.0.1.tgz. Extracting by manifest.
1115 silly tarball no local data for ansi-regex@https://package-mirror.liara.ir/repository/npm/ansi-regex/-/ansi-regex-5.0.1.tgz. Extracting by manifest.
1116 silly tarball no local data for ajv-formats@https://package-mirror.liara.ir/repository/npm/ajv-formats/-/ajv-formats-3.0.1.tgz. Extracting by manifest.
1117 silly tarball no local data for ajv@https://package-mirror.liara.ir/repository/npm/ajv/-/ajv-6.15.0.tgz. Extracting by manifest.
1118 silly tarball no local data for ansi-colors@https://package-mirror.liara.ir/repository/npm/ansi-colors/-/ansi-colors-4.1.3.tgz. Extracting by manifest.
1119 silly tarball no local data for acorn-jsx@https://package-mirror.liara.ir/repository/npm/acorn-jsx/-/acorn-jsx-5.3.2.tgz. Extracting by manifest.
1120 silly tarball no local data for accepts@https://package-mirror.liara.ir/repository/npm/accepts/-/accepts-2.0.0.tgz. Extracting by manifest.
1121 silly tarball no local data for acorn@https://package-mirror.liara.ir/repository/npm/acorn/-/acorn-8.16.0.tgz. Extracting by manifest.
1122 silly tarball no local data for @typescript-eslint/visitor-keys@https://package-mirror.liara.ir/repository/npm/@typescript-eslint/visitor-keys/-/visitor-keys-8.61.0.tgz. Extracting by manifest.
1123 silly tarball no local data for @typescript-eslint/utils@https://package-mirror.liara.ir/repository/npm/@typescript-eslint/utils/-/utils-8.61.0.tgz. Extracting by manifest.
1124 silly tarball no local data for @unrs/resolver-binding-win32-x64-msvc@https://package-mirror.liara.ir/repository/npm/@unrs/resolver-binding-win32-x64-msvc/-/resolver-binding-win32-x64-msvc-1.12.2.tgz. Extracting by manifest.
1125 silly tarball no local data for @typescript-eslint/typescript-estree@https://package-mirror.liara.ir/repository/npm/@typescript-eslint/typescript-estree/-/typescript-estree-8.61.0.tgz. Extracting by manifest.
1126 silly tarball no local data for @typescript-eslint/types@https://package-mirror.liara.ir/repository/npm/@typescript-eslint/types/-/types-8.61.0.tgz. Extracting by manifest.
1127 silly tarball no local data for @typescript-eslint/type-utils@https://package-mirror.liara.ir/repository/npm/@typescript-eslint/type-utils/-/type-utils-8.61.0.tgz. Extracting by manifest.
1128 silly tarball no local data for @typescript-eslint/project-service@https://package-mirror.liara.ir/repository/npm/@typescript-eslint/project-service/-/project-service-8.61.0.tgz. Extracting by manifest.
1129 silly tarball no local data for @types/validate-npm-package-name@https://package-mirror.liara.ir/repository/npm/@types/validate-npm-package-name/-/validate-npm-package-name-4.0.2.tgz. Extracting by manifest.
1130 silly tarball no local data for @typescript-eslint/scope-manager@https://package-mirror.liara.ir/repository/npm/@typescript-eslint/scope-manager/-/scope-manager-8.61.0.tgz. Extracting by manifest.
1131 silly tarball no local data for @types/react@https://package-mirror.liara.ir/repository/npm/@types/react/-/react-19.2.17.tgz. Extracting by manifest.
1132 silly tarball no local data for @typescript-eslint/parser@https://package-mirror.liara.ir/repository/npm/@typescript-eslint/parser/-/parser-8.61.0.tgz. Extracting by manifest.
1133 silly tarball no local data for @typescript-eslint/eslint-plugin@https://package-mirror.liara.ir/repository/npm/@typescript-eslint/eslint-plugin/-/eslint-plugin-8.61.0.tgz. Extracting by manifest.
1134 silly tarball no local data for @typescript-eslint/tsconfig-utils@https://package-mirror.liara.ir/repository/npm/@typescript-eslint/tsconfig-utils/-/tsconfig-utils-8.61.0.tgz. Extracting by manifest.
1135 silly tarball no local data for @types/node@https://package-mirror.liara.ir/repository/npm/@types/node/-/node-20.19.43.tgz. Extracting by manifest.
1136 silly tarball no local data for @types/trusted-types@https://package-mirror.liara.ir/repository/npm/@types/trusted-types/-/trusted-types-2.0.7.tgz. Extracting by manifest.
1137 silly tarball no local data for @types/json5@https://package-mirror.liara.ir/repository/npm/@types/json5/-/json5-0.0.29.tgz. Extracting by manifest.
1138 silly tarball no local data for @types/react-dom@https://package-mirror.liara.ir/repository/npm/@types/react-dom/-/react-dom-19.2.3.tgz. Extracting by manifest.
1139 silly tarball no local data for @types/estree@https://package-mirror.liara.ir/repository/npm/@types/estree/-/estree-1.0.9.tgz. Extracting by manifest.
1140 silly tarball no local data for @tailwindcss/oxide@https://package-mirror.liara.ir/repository/npm/@tailwindcss/oxide/-/oxide-4.3.1.tgz. Extracting by manifest.
1141 silly tarball no local data for @types/json-schema@https://package-mirror.liara.ir/repository/npm/@types/json-schema/-/json-schema-7.0.15.tgz. Extracting by manifest.
1142 silly tarball no local data for @ts-morph/common@https://package-mirror.liara.ir/repository/npm/@ts-morph/common/-/common-0.27.0.tgz. Extracting by manifest.
1143 silly tarball no local data for @swc/helpers@https://package-mirror.liara.ir/repository/npm/@swc/helpers/-/helpers-0.5.15.tgz. Extracting by manifest.
1144 silly tarball no local data for @tailwindcss/node@https://package-mirror.liara.ir/repository/npm/@tailwindcss/node/-/node-4.3.1.tgz. Extracting by manifest.
1145 silly tarball no local data for @tailwindcss/postcss@https://package-mirror.liara.ir/repository/npm/@tailwindcss/postcss/-/postcss-4.3.1.tgz. Extracting by manifest.
1146 silly tarball no local data for @rtsao/scc@https://package-mirror.liara.ir/repository/npm/@rtsao/scc/-/scc-1.1.0.tgz. Extracting by manifest.
1147 silly tarball no local data for @tailwindcss/oxide-win32-x64-msvc@https://package-mirror.liara.ir/repository/npm/@tailwindcss/oxide-win32-x64-msvc/-/oxide-win32-x64-msvc-4.3.1.tgz. Extracting by manifest.
1148 silly tarball no local data for @standard-schema/utils@https://package-mirror.liara.ir/repository/npm/@standard-schema/utils/-/utils-0.3.0.tgz. Extracting by manifest.
1149 silly tarball no local data for @sec-ant/readable-stream@https://package-mirror.liara.ir/repository/npm/@sec-ant/readable-stream/-/readable-stream-0.4.1.tgz. Extracting by manifest.
1150 silly tarball no local data for @radix-ui/rect@https://package-mirror.liara.ir/repository/npm/@radix-ui/rect/-/rect-1.1.2.tgz. Extracting by manifest.
1151 silly tarball no local data for @radix-ui/react-use-rect@https://package-mirror.liara.ir/repository/npm/@radix-ui/react-use-rect/-/react-use-rect-1.1.2.tgz. Extracting by manifest.
1152 silly tarball no local data for @sindresorhus/merge-streams@https://package-mirror.liara.ir/repository/npm/@sindresorhus/merge-streams/-/merge-streams-4.0.0.tgz. Extracting by manifest.
1153 silly tarball no local data for @radix-ui/react-visually-hidden@https://package-mirror.liara.ir/repository/npm/@radix-ui/react-visually-hidden/-/react-visually-hidden-1.2.5.tgz. Extracting by manifest.
1154 silly tarball no local data for @radix-ui/react-use-size@https://package-mirror.liara.ir/repository/npm/@radix-ui/react-use-size/-/react-use-size-1.1.2.tgz. Extracting by manifest.
1155 silly tarball no local data for @radix-ui/react-use-effect-event@https://package-mirror.liara.ir/repository/npm/@radix-ui/react-use-effect-event/-/react-use-effect-event-0.0.3.tgz. Extracting by manifest.
1156 silly tarball no local data for @radix-ui/react-use-layout-effect@https://package-mirror.liara.ir/repository/npm/@radix-ui/react-use-layout-effect/-/react-use-layout-effect-1.1.2.tgz. Extracting by manifest.
1157 silly tarball no local data for @radix-ui/react-use-is-hydrated@https://package-mirror.liara.ir/repository/npm/@radix-ui/react-use-is-hydrated/-/react-use-is-hydrated-0.1.1.tgz. Extracting by manifest.
1158 silly tarball no local data for @radix-ui/react-use-previous@https://package-mirror.liara.ir/repository/npm/@radix-ui/react-use-previous/-/react-use-previous-1.1.2.tgz. Extracting by manifest.
1159 silly tarball no local data for @radix-ui/react-use-callback-ref@https://package-mirror.liara.ir/repository/npm/@radix-ui/react-use-callback-ref/-/react-use-callback-ref-1.1.2.tgz. Extracting by manifest.
1160 silly tarball no local data for @radix-ui/react-use-controllable-state@https://package-mirror.liara.ir/repository/npm/@radix-ui/react-use-controllable-state/-/react-use-controllable-state-1.2.3.tgz. Extracting by manifest.
1161 silly tarball no local data for @radix-ui/react-tooltip@https://package-mirror.liara.ir/repository/npm/@radix-ui/react-tooltip/-/react-tooltip-1.2.9.tgz. Extracting by manifest.
1162 silly tarball no local data for @radix-ui/react-toggle-group@https://package-mirror.liara.ir/repository/npm/@radix-ui/react-toggle-group/-/react-toggle-group-1.1.12.tgz. Extracting by manifest.
1163 silly tarball no local data for @radix-ui/react-use-escape-keydown@https://package-mirror.liara.ir/repository/npm/@radix-ui/react-use-escape-keydown/-/react-use-escape-keydown-1.1.2.tgz. Extracting by manifest.
1164 silly tarball no local data for @radix-ui/react-toggle@https://package-mirror.liara.ir/repository/npm/@radix-ui/react-toggle/-/react-toggle-1.1.11.tgz. Extracting by manifest.
1165 silly tarball no local data for @radix-ui/react-toast@https://package-mirror.liara.ir/repository/npm/@radix-ui/react-toast/-/react-toast-1.2.16.tgz. Extracting by manifest.
1166 silly tarball no local data for @radix-ui/react-slot@https://package-mirror.liara.ir/repository/npm/@radix-ui/react-slot/-/react-slot-1.2.5.tgz. Extracting by manifest.
1167 silly tarball no local data for @radix-ui/react-toolbar@https://package-mirror.liara.ir/repository/npm/@radix-ui/react-toolbar/-/react-toolbar-1.1.12.tgz. Extracting by manifest.
1168 silly tarball no local data for @radix-ui/react-tabs@https://package-mirror.liara.ir/repository/npm/@radix-ui/react-tabs/-/react-tabs-1.1.14.tgz. Extracting by manifest.
1169 silly tarball no local data for @radix-ui/react-switch@https://package-mirror.liara.ir/repository/npm/@radix-ui/react-switch/-/react-switch-1.3.0.tgz. Extracting by manifest.
1170 silly tarball no local data for @radix-ui/react-slider@https://package-mirror.liara.ir/repository/npm/@radix-ui/react-slider/-/react-slider-1.4.0.tgz. Extracting by manifest.
1171 silly tarball no local data for @radix-ui/react-scroll-area@https://package-mirror.liara.ir/repository/npm/@radix-ui/react-scroll-area/-/react-scroll-area-1.2.11.tgz. Extracting by manifest.
1172 silly tarball no local data for @radix-ui/react-select@https://package-mirror.liara.ir/repository/npm/@radix-ui/react-select/-/react-select-2.3.0.tgz. Extracting by manifest.
1173 silly tarball no local data for @radix-ui/react-progress@https://package-mirror.liara.ir/repository/npm/@radix-ui/react-progress/-/react-progress-1.1.9.tgz. Extracting by manifest.
1174 silly tarball no local data for @radix-ui/react-separator@https://package-mirror.liara.ir/repository/npm/@radix-ui/react-separator/-/react-separator-1.1.9.tgz. Extracting by manifest.
1175 silly tarball no local data for @radix-ui/react-radio-group@https://package-mirror.liara.ir/repository/npm/@radix-ui/react-radio-group/-/react-radio-group-1.4.0.tgz. Extracting by manifest.
1176 silly tarball no local data for @radix-ui/react-presence@https://package-mirror.liara.ir/repository/npm/@radix-ui/react-presence/-/react-presence-1.1.6.tgz. Extracting by manifest.
1177 silly tarball no local data for @radix-ui/react-popover@https://package-mirror.liara.ir/repository/npm/@radix-ui/react-popover/-/react-popover-1.1.16.tgz. Extracting by manifest.
1178 silly tarball no local data for @radix-ui/react-primitive@https://package-mirror.liara.ir/repository/npm/@radix-ui/react-primitive/-/react-primitive-2.1.5.tgz. Extracting by manifest.
1179 silly tarball no local data for @radix-ui/react-popper@https://package-mirror.liara.ir/repository/npm/@radix-ui/react-popper/-/react-popper-1.3.0.tgz. Extracting by manifest.
1180 silly tarball no local data for @radix-ui/react-roving-focus@https://package-mirror.liara.ir/repository/npm/@radix-ui/react-roving-focus/-/react-roving-focus-1.1.12.tgz. Extracting by manifest.
1181 silly tarball no local data for @radix-ui/react-password-toggle-field@https://package-mirror.liara.ir/repository/npm/@radix-ui/react-password-toggle-field/-/react-password-toggle-field-0.1.4.tgz. Extracting by manifest.
1182 silly tarball no local data for @radix-ui/react-one-time-password-field@https://package-mirror.liara.ir/repository/npm/@radix-ui/react-one-time-password-field/-/react-one-time-password-field-0.1.9.tgz. Extracting by manifest.
1183 silly tarball no local data for @radix-ui/react-menubar@https://package-mirror.liara.ir/repository/npm/@radix-ui/react-menubar/-/react-menubar-1.1.17.tgz. Extracting by manifest.
1184 silly tarball no local data for @radix-ui/react-navigation-menu@https://package-mirror.liara.ir/repository/npm/@radix-ui/react-navigation-menu/-/react-navigation-menu-1.2.15.tgz. Extracting by manifest.
1185 silly tarball no local data for @radix-ui/react-hover-card@https://package-mirror.liara.ir/repository/npm/@radix-ui/react-hover-card/-/react-hover-card-1.1.16.tgz. Extracting by manifest.
1186 silly tarball no local data for @radix-ui/react-label@https://package-mirror.liara.ir/repository/npm/@radix-ui/react-label/-/react-label-2.1.9.tgz. Extracting by manifest.
1187 silly tarball no local data for @radix-ui/react-portal@https://package-mirror.liara.ir/repository/npm/@radix-ui/react-portal/-/react-portal-1.1.11.tgz. Extracting by manifest.
1188 silly tarball no local data for @radix-ui/react-menu@https://package-mirror.liara.ir/repository/npm/@radix-ui/react-menu/-/react-menu-2.1.17.tgz. Extracting by manifest.
1189 silly tarball no local data for @radix-ui/react-form@https://package-mirror.liara.ir/repository/npm/@radix-ui/react-form/-/react-form-0.1.9.tgz. Extracting by manifest.
1190 silly tarball no local data for @radix-ui/react-id@https://package-mirror.liara.ir/repository/npm/@radix-ui/react-id/-/react-id-1.1.2.tgz. Extracting by manifest.
1191 silly tarball no local data for @radix-ui/react-focus-scope@https://package-mirror.liara.ir/repository/npm/@radix-ui/react-focus-scope/-/react-focus-scope-1.1.9.tgz. Extracting by manifest.
1192 silly tarball no local data for @radix-ui/react-dropdown-menu@https://package-mirror.liara.ir/repository/npm/@radix-ui/react-dropdown-menu/-/react-dropdown-menu-2.1.17.tgz. Extracting by manifest.
1193 silly tarball no local data for @radix-ui/react-focus-guards@https://package-mirror.liara.ir/repository/npm/@radix-ui/react-focus-guards/-/react-focus-guards-1.1.4.tgz. Extracting by manifest.
1194 silly tarball no local data for @radix-ui/react-dismissable-layer@https://package-mirror.liara.ir/repository/npm/@radix-ui/react-dismissable-layer/-/react-dismissable-layer-1.1.12.tgz. Extracting by manifest.
1195 silly tarball no local data for @radix-ui/react-direction@https://package-mirror.liara.ir/repository/npm/@radix-ui/react-direction/-/react-direction-1.1.2.tgz. Extracting by manifest.
1196 silly tarball no local data for @radix-ui/react-context@https://package-mirror.liara.ir/repository/npm/@radix-ui/react-context/-/react-context-1.1.4.tgz. Extracting by manifest.
1197 silly tarball no local data for @radix-ui/react-context-menu@https://package-mirror.liara.ir/repository/npm/@radix-ui/react-context-menu/-/react-context-menu-2.3.0.tgz. Extracting by manifest.
1198 silly tarball no local data for @radix-ui/react-checkbox@https://package-mirror.liara.ir/repository/npm/@radix-ui/react-checkbox/-/react-checkbox-1.3.4.tgz. Extracting by manifest.
1199 silly tarball no local data for @radix-ui/react-dialog@https://package-mirror.liara.ir/repository/npm/@radix-ui/react-dialog/-/react-dialog-1.1.16.tgz. Extracting by manifest.
1200 silly tarball no local data for @radix-ui/react-avatar@https://package-mirror.liara.ir/repository/npm/@radix-ui/react-avatar/-/react-avatar-1.1.12.tgz. Extracting by manifest.
1201 silly tarball no local data for @radix-ui/react-compose-refs@https://package-mirror.liara.ir/repository/npm/@radix-ui/react-compose-refs/-/react-compose-refs-1.1.3.tgz. Extracting by manifest.
1202 silly tarball no local data for @radix-ui/react-collection@https://package-mirror.liara.ir/repository/npm/@radix-ui/react-collection/-/react-collection-1.1.9.tgz. Extracting by manifest.
1203 silly tarball no local data for @radix-ui/react-collapsible@https://package-mirror.liara.ir/repository/npm/@radix-ui/react-collapsible/-/react-collapsible-1.1.13.tgz. Extracting by manifest.
1204 silly tarball no local data for @radix-ui/react-arrow@https://package-mirror.liara.ir/repository/npm/@radix-ui/react-arrow/-/react-arrow-1.1.9.tgz. Extracting by manifest.
1205 silly tarball no local data for @radix-ui/react-accessible-icon@https://package-mirror.liara.ir/repository/npm/@radix-ui/react-accessible-icon/-/react-accessible-icon-1.1.9.tgz. Extracting by manifest.
1206 silly tarball no local data for @radix-ui/react-alert-dialog@https://package-mirror.liara.ir/repository/npm/@radix-ui/react-alert-dialog/-/react-alert-dialog-1.1.16.tgz. Extracting by manifest.
1207 silly tarball no local data for @radix-ui/react-aspect-ratio@https://package-mirror.liara.ir/repository/npm/@radix-ui/react-aspect-ratio/-/react-aspect-ratio-1.1.9.tgz. Extracting by manifest.
1208 silly tarball no local data for @radix-ui/primitive@https://package-mirror.liara.ir/repository/npm/@radix-ui/primitive/-/primitive-1.1.4.tgz. Extracting by manifest.
1209 silly tarball no local data for @nodelib/fs.walk@https://package-mirror.liara.ir/repository/npm/@nodelib/fs.walk/-/fs.walk-1.2.8.tgz. Extracting by manifest.
1210 silly tarball no local data for @radix-ui/number@https://package-mirror.liara.ir/repository/npm/@radix-ui/number/-/number-1.1.2.tgz. Extracting by manifest.
1211 silly tarball no local data for @radix-ui/react-accordion@https://package-mirror.liara.ir/repository/npm/@radix-ui/react-accordion/-/react-accordion-1.2.13.tgz. Extracting by manifest.
1212 silly tarball no local data for @nodelib/fs.scandir@https://package-mirror.liara.ir/repository/npm/@nodelib/fs.scandir/-/fs.scandir-2.1.5.tgz. Extracting by manifest.
1213 silly tarball no local data for @nolyfill/is-core-module@https://package-mirror.liara.ir/repository/npm/@nolyfill/is-core-module/-/is-core-module-1.0.39.tgz. Extracting by manifest.
1214 silly tarball no local data for @nodelib/fs.stat@https://package-mirror.liara.ir/repository/npm/@nodelib/fs.stat/-/fs.stat-2.0.5.tgz. Extracting by manifest.
1215 silly tarball no local data for @noble/hashes@https://package-mirror.liara.ir/repository/npm/@noble/hashes/-/hashes-1.8.0.tgz. Extracting by manifest.
1216 silly tarball no local data for @modelcontextprotocol/sdk@https://package-mirror.liara.ir/repository/npm/@modelcontextprotocol/sdk/-/sdk-1.29.0.tgz. Extracting by manifest.
1217 silly tarball no local data for @noble/curves@https://package-mirror.liara.ir/repository/npm/@noble/curves/-/curves-1.9.7.tgz. Extracting by manifest.
1218 silly tarball no local data for @noble/ciphers@https://package-mirror.liara.ir/repository/npm/@noble/ciphers/-/ciphers-1.3.0.tgz. Extracting by manifest.
1219 silly tarball no local data for @next/swc-win32-x64-msvc@https://registry.npmjs.org/@next/swc-win32-x64-msvc/-/swc-win32-x64-msvc-16.3.0.tgz. Extracting by manifest.
1220 silly tarball no local data for @jridgewell/sourcemap-codec@https://package-mirror.liara.ir/repository/npm/@jridgewell/sourcemap-codec/-/sourcemap-codec-1.5.5.tgz. Extracting by manifest.
1221 silly tarball no local data for @next/env@https://registry.npmjs.org/@next/env/-/env-16.3.0.tgz. Extracting by manifest.
1222 silly tarball no local data for @next/eslint-plugin-next@https://registry.npmjs.org/@next/eslint-plugin-next/-/eslint-plugin-next-16.3.0.tgz. Extracting by manifest.
1223 silly tarball no local data for @jridgewell/trace-mapping@https://package-mirror.liara.ir/repository/npm/@jridgewell/trace-mapping/-/trace-mapping-0.3.31.tgz. Extracting by manifest.
1224 silly tarball no local data for @img/sharp-win32-x64@https://registry.npmjs.org/@img/sharp-win32-x64/-/sharp-win32-x64-0.35.3.tgz. Extracting by manifest.
1225 silly tarball no local data for @jridgewell/resolve-uri@https://package-mirror.liara.ir/repository/npm/@jridgewell/resolve-uri/-/resolve-uri-3.1.2.tgz. Extracting by manifest.
1226 silly tarball no local data for @jridgewell/remapping@https://package-mirror.liara.ir/repository/npm/@jridgewell/remapping/-/remapping-2.3.5.tgz. Extracting by manifest.
1227 silly tarball no local data for @img/colour@https://registry.npmjs.org/@img/colour/-/colour-1.1.0.tgz. Extracting by manifest.
1228 silly tarball no local data for @jridgewell/gen-mapping@https://package-mirror.liara.ir/repository/npm/@jridgewell/gen-mapping/-/gen-mapping-0.3.13.tgz. Extracting by manifest.
1229 silly tarball no local data for @humanwhocodes/retry@https://package-mirror.liara.ir/repository/npm/@humanwhocodes/retry/-/retry-0.4.3.tgz. Extracting by manifest.
1230 silly tarball no local data for @humanwhocodes/module-importer@https://package-mirror.liara.ir/repository/npm/@humanwhocodes/module-importer/-/module-importer-1.0.1.tgz. Extracting by manifest.
1231 silly tarball no local data for @humanfs/types@https://package-mirror.liara.ir/repository/npm/@humanfs/types/-/types-0.15.0.tgz. Extracting by manifest.
1232 silly tarball no local data for @hookform/resolvers@https://package-mirror.liara.ir/repository/npm/@hookform/resolvers/-/resolvers-5.4.0.tgz. Extracting by manifest.
1233 silly tarball no local data for @humanfs/node@https://package-mirror.liara.ir/repository/npm/@humanfs/node/-/node-0.16.8.tgz. Extracting by manifest.
1234 silly tarball no local data for @hono/node-server@https://package-mirror.liara.ir/repository/npm/@hono/node-server/-/node-server-1.19.14.tgz. Extracting by manifest.
1235 silly tarball no local data for @humanfs/core@https://package-mirror.liara.ir/repository/npm/@humanfs/core/-/core-0.19.2.tgz. Extracting by manifest.
1236 silly tarball no local data for @floating-ui/react-dom@https://package-mirror.liara.ir/repository/npm/@floating-ui/react-dom/-/react-dom-2.1.8.tgz. Extracting by manifest.
1237 silly tarball no local data for @eslint/js@https://package-mirror.liara.ir/repository/npm/@eslint/js/-/js-9.39.4.tgz. Extracting by manifest.
1238 silly tarball no local data for @eslint/plugin-kit@https://package-mirror.liara.ir/repository/npm/@eslint/plugin-kit/-/plugin-kit-0.4.1.tgz. Extracting by manifest.
1239 silly tarball no local data for @floating-ui/dom@https://package-mirror.liara.ir/repository/npm/@floating-ui/dom/-/dom-1.7.6.tgz. Extracting by manifest.
1240 silly tarball no local data for @eslint/eslintrc@https://package-mirror.liara.ir/repository/npm/@eslint/eslintrc/-/eslintrc-3.3.5.tgz. Extracting by manifest.
1241 silly tarball no local data for @floating-ui/utils@https://package-mirror.liara.ir/repository/npm/@floating-ui/utils/-/utils-0.2.11.tgz. Extracting by manifest.
1242 silly tarball no local data for @floating-ui/core@https://package-mirror.liara.ir/repository/npm/@floating-ui/core/-/core-1.7.5.tgz. Extracting by manifest.
1243 silly tarball no local data for @eslint/core@https://package-mirror.liara.ir/repository/npm/@eslint/core/-/core-0.17.0.tgz. Extracting by manifest.
1244 silly tarball no local data for @eslint/object-schema@https://package-mirror.liara.ir/repository/npm/@eslint/object-schema/-/object-schema-2.1.7.tgz. Extracting by manifest.
1245 silly tarball no local data for @eslint/config-helpers@https://package-mirror.liara.ir/repository/npm/@eslint/config-helpers/-/config-helpers-0.4.2.tgz. Extracting by manifest.
1246 silly tarball no local data for @eslint-community/regexpp@https://package-mirror.liara.ir/repository/npm/@eslint-community/regexpp/-/regexpp-4.12.2.tgz. Extracting by manifest.
1247 silly tarball no local data for @dotenvx/dotenvx@https://package-mirror.liara.ir/repository/npm/@dotenvx/dotenvx/-/dotenvx-1.71.3.tgz. Extracting by manifest.
1248 silly tarball no local data for @ecies/ciphers@https://package-mirror.liara.ir/repository/npm/@ecies/ciphers/-/ciphers-0.2.6.tgz. Extracting by manifest.
1249 silly tarball no local data for @eslint/config-array@https://package-mirror.liara.ir/repository/npm/@eslint/config-array/-/config-array-0.21.2.tgz. Extracting by manifest.
1250 silly tarball no local data for @babel/traverse@https://package-mirror.liara.ir/repository/npm/@babel/traverse/-/traverse-7.29.7.tgz. Extracting by manifest.
1251 silly tarball no local data for @eslint-community/eslint-utils@https://package-mirror.liara.ir/repository/npm/@eslint-community/eslint-utils/-/eslint-utils-4.9.1.tgz. Extracting by manifest.
1252 silly tarball no local data for @babel/types@https://package-mirror.liara.ir/repository/npm/@babel/types/-/types-7.29.7.tgz. Extracting by manifest.
1253 silly tarball no local data for @babel/template@https://package-mirror.liara.ir/repository/npm/@babel/template/-/template-7.29.7.tgz. Extracting by manifest.
1254 silly tarball no local data for @babel/plugin-transform-modules-commonjs@https://package-mirror.liara.ir/repository/npm/@babel/plugin-transform-modules-commonjs/-/plugin-transform-modules-commonjs-7.29.7.tgz. Extracting by manifest.
1255 silly tarball no local data for @babel/plugin-transform-typescript@https://package-mirror.liara.ir/repository/npm/@babel/plugin-transform-typescript/-/plugin-transform-typescript-7.29.7.tgz. Extracting by manifest.
1256 silly tarball no local data for @babel/plugin-syntax-typescript@https://package-mirror.liara.ir/repository/npm/@babel/plugin-syntax-typescript/-/plugin-syntax-typescript-7.29.7.tgz. Extracting by manifest.
1257 silly tarball no local data for @babel/plugin-syntax-jsx@https://package-mirror.liara.ir/repository/npm/@babel/plugin-syntax-jsx/-/plugin-syntax-jsx-7.29.7.tgz. Extracting by manifest.
1258 silly tarball no local data for @babel/parser@https://package-mirror.liara.ir/repository/npm/@babel/parser/-/parser-7.29.7.tgz. Extracting by manifest.
1259 silly tarball no local data for @babel/helpers@https://package-mirror.liara.ir/repository/npm/@babel/helpers/-/helpers-7.29.7.tgz. Extracting by manifest.
1260 silly tarball no local data for @babel/helper-validator-option@https://package-mirror.liara.ir/repository/npm/@babel/helper-validator-option/-/helper-validator-option-7.29.7.tgz. Extracting by manifest.
1261 silly tarball no local data for @babel/helper-validator-identifier@https://package-mirror.liara.ir/repository/npm/@babel/helper-validator-identifier/-/helper-validator-identifier-7.29.7.tgz. Extracting by manifest.
1262 silly tarball no local data for @babel/helper-skip-transparent-expression-wrappers@https://package-mirror.liara.ir/repository/npm/@babel/helper-skip-transparent-expression-wrappers/-/helper-skip-transparent-expression-wrappers-7.29.7.tgz. Extracting by manifest.
1263 silly tarball no local data for @babel/helper-replace-supers@https://package-mirror.liara.ir/repository/npm/@babel/helper-replace-supers/-/helper-replace-supers-7.29.7.tgz. Extracting by manifest.
1264 silly tarball no local data for @babel/helper-string-parser@https://package-mirror.liara.ir/repository/npm/@babel/helper-string-parser/-/helper-string-parser-7.29.7.tgz. Extracting by manifest.
1265 silly tarball no local data for @babel/helper-plugin-utils@https://package-mirror.liara.ir/repository/npm/@babel/helper-plugin-utils/-/helper-plugin-utils-7.29.7.tgz. Extracting by manifest.
1266 silly tarball no local data for @babel/helper-optimise-call-expression@https://package-mirror.liara.ir/repository/npm/@babel/helper-optimise-call-expression/-/helper-optimise-call-expression-7.29.7.tgz. Extracting by manifest.
1267 silly tarball no local data for @babel/helper-module-imports@https://package-mirror.liara.ir/repository/npm/@babel/helper-module-imports/-/helper-module-imports-7.29.7.tgz. Extracting by manifest.
1268 silly tarball no local data for @babel/helper-module-transforms@https://package-mirror.liara.ir/repository/npm/@babel/helper-module-transforms/-/helper-module-transforms-7.29.7.tgz. Extracting by manifest.
1269 silly tarball no local data for @babel/helper-member-expression-to-functions@https://package-mirror.liara.ir/repository/npm/@babel/helper-member-expression-to-functions/-/helper-member-expression-to-functions-7.29.7.tgz. Extracting by manifest.
1270 silly tarball no local data for @babel/helper-create-class-features-plugin@https://package-mirror.liara.ir/repository/npm/@babel/helper-create-class-features-plugin/-/helper-create-class-features-plugin-7.29.7.tgz. Extracting by manifest.
1271 silly tarball no local data for @babel/helper-globals@https://package-mirror.liara.ir/repository/npm/@babel/helper-globals/-/helper-globals-7.29.7.tgz. Extracting by manifest.
1272 silly tarball no local data for @babel/helper-compilation-targets@https://package-mirror.liara.ir/repository/npm/@babel/helper-compilation-targets/-/helper-compilation-targets-7.29.7.tgz. Extracting by manifest.
1273 silly tarball no local data for @babel/helper-annotate-as-pure@https://package-mirror.liara.ir/repository/npm/@babel/helper-annotate-as-pure/-/helper-annotate-as-pure-7.29.7.tgz. Extracting by manifest.
1274 silly tarball no local data for @babel/compat-data@https://package-mirror.liara.ir/repository/npm/@babel/compat-data/-/compat-data-7.29.7.tgz. Extracting by manifest.
1275 silly tarball no local data for @babel/generator@https://package-mirror.liara.ir/repository/npm/@babel/generator/-/generator-7.29.7.tgz. Extracting by manifest.
1276 silly tarball no local data for @babel/code-frame@https://package-mirror.liara.ir/repository/npm/@babel/code-frame/-/code-frame-7.29.7.tgz. Extracting by manifest.
1277 silly tarball no local data for json5@https://package-mirror.liara.ir/repository/npm/json5/-/json5-1.0.2.tgz. Extracting by manifest.
1278 silly tarball no local data for @alloc/quick-lru@https://package-mirror.liara.ir/repository/npm/@alloc/quick-lru/-/quick-lru-5.2.0.tgz. Extracting by manifest.
1279 silly tarball no local data for fdir@https://package-mirror.liara.ir/repository/npm/fdir/-/fdir-6.5.0.tgz. Extracting by manifest.
1280 silly tarball no local data for picomatch@https://package-mirror.liara.ir/repository/npm/picomatch/-/picomatch-4.0.4.tgz. Extracting by manifest.
1281 silly tarball no local data for @babel/preset-typescript@https://package-mirror.liara.ir/repository/npm/@babel/preset-typescript/-/preset-typescript-7.29.7.tgz. Extracting by manifest.
1282 silly tarball no local data for content-type@https://package-mirror.liara.ir/repository/npm/content-type/-/content-type-2.0.0.tgz. Extracting by manifest.
1283 silly tarball no local data for @babel/core@https://package-mirror.liara.ir/repository/npm/@babel/core/-/core-7.29.7.tgz. Extracting by manifest.
1284 silly tarball no local data for zod@https://package-mirror.liara.ir/repository/npm/zod/-/zod-3.25.76.tgz. Extracting by manifest.
1285 silly tarball no local data for emoji-regex@https://package-mirror.liara.ir/repository/npm/emoji-regex/-/emoji-regex-10.6.0.tgz. Extracting by manifest.
1286 silly tarball no local data for kleur@https://package-mirror.liara.ir/repository/npm/kleur/-/kleur-3.0.3.tgz. Extracting by manifest.
1287 silly tarball no local data for strip-ansi@https://package-mirror.liara.ir/repository/npm/strip-ansi/-/strip-ansi-7.2.0.tgz. Extracting by manifest.
1288 silly tarball no local data for ansi-regex@https://package-mirror.liara.ir/repository/npm/ansi-regex/-/ansi-regex-6.2.2.tgz. Extracting by manifest.
1289 silly tarball no local data for fast-glob@https://package-mirror.liara.ir/repository/npm/fast-glob/-/fast-glob-3.3.3.tgz. Extracting by manifest.
1290 silly tarball no local data for tsconfig-paths@https://package-mirror.liara.ir/repository/npm/tsconfig-paths/-/tsconfig-paths-4.2.0.tgz. Extracting by manifest.
1291 silly tarball no local data for glob-parent@https://package-mirror.liara.ir/repository/npm/glob-parent/-/glob-parent-5.1.2.tgz. Extracting by manifest.
1292 silly tarball no local data for strip-ansi@https://package-mirror.liara.ir/repository/npm/strip-ansi/-/strip-ansi-7.2.0.tgz. Extracting by manifest.
1293 silly tarball no local data for ansi-regex@https://package-mirror.liara.ir/repository/npm/ansi-regex/-/ansi-regex-6.2.2.tgz. Extracting by manifest.
1294 silly tarball no local data for is-unicode-supported@https://package-mirror.liara.ir/repository/npm/is-unicode-supported/-/is-unicode-supported-1.3.0.tgz. Extracting by manifest.
1295 silly tarball no local data for chalk@https://package-mirror.liara.ir/repository/npm/chalk/-/chalk-5.6.2.tgz. Extracting by manifest.
1296 silly tarball no local data for path-key@https://package-mirror.liara.ir/repository/npm/path-key/-/path-key-4.0.0.tgz. Extracting by manifest.
1297 silly tarball no local data for chalk@https://package-mirror.liara.ir/repository/npm/chalk/-/chalk-5.6.2.tgz. Extracting by manifest.
1298 silly tarball no local data for mime-types@https://package-mirror.liara.ir/repository/npm/mime-types/-/mime-types-2.1.35.tgz. Extracting by manifest.
1299 silly tarball no local data for debug@https://package-mirror.liara.ir/repository/npm/debug/-/debug-3.2.7.tgz. Extracting by manifest.
1300 silly tarball no local data for semver@https://package-mirror.liara.ir/repository/npm/semver/-/semver-7.8.4.tgz. Extracting by manifest.
1301 silly tarball no local data for glob-parent@https://registry.npmjs.org/glob-parent/-/glob-parent-5.1.2.tgz. Extracting by manifest.
1302 silly tarball no local data for mime-db@https://package-mirror.liara.ir/repository/npm/mime-db/-/mime-db-1.52.0.tgz. Extracting by manifest.
1303 silly tarball no local data for debug@https://package-mirror.liara.ir/repository/npm/debug/-/debug-3.2.7.tgz. Extracting by manifest.
1304 silly tarball no local data for debug@https://package-mirror.liara.ir/repository/npm/debug/-/debug-3.2.7.tgz. Extracting by manifest.
1305 silly tarball no local data for globals@https://package-mirror.liara.ir/repository/npm/globals/-/globals-16.4.0.tgz. Extracting by manifest.
1306 silly tarball no local data for postcss@https://registry.npmjs.org/postcss/-/postcss-8.5.23.tgz. Extracting by manifest.
1307 silly tarball no local data for https-proxy-agent@https://package-mirror.liara.ir/repository/npm/https-proxy-agent/-/https-proxy-agent-5.0.1.tgz. Extracting by manifest.
1308 silly tarball no local data for agent-base@https://package-mirror.liara.ir/repository/npm/agent-base/-/agent-base-6.0.2.tgz. Extracting by manifest.
1309 silly tarball no local data for ajv@https://package-mirror.liara.ir/repository/npm/ajv/-/ajv-8.20.0.tgz. Extracting by manifest.
1310 silly tarball no local data for eslint-visitor-keys@https://package-mirror.liara.ir/repository/npm/eslint-visitor-keys/-/eslint-visitor-keys-5.0.1.tgz. Extracting by manifest.
1311 silly tarball no local data for json-schema-traverse@https://package-mirror.liara.ir/repository/npm/json-schema-traverse/-/json-schema-traverse-1.0.0.tgz. Extracting by manifest.
1312 silly tarball no local data for semver@https://package-mirror.liara.ir/repository/npm/semver/-/semver-7.8.4.tgz. Extracting by manifest.
1313 silly tarball no local data for minimatch@https://package-mirror.liara.ir/repository/npm/minimatch/-/minimatch-10.2.5.tgz. Extracting by manifest.
1314 silly tarball no local data for glob-parent@https://package-mirror.liara.ir/repository/npm/glob-parent/-/glob-parent-5.1.2.tgz. Extracting by manifest.
1315 silly tarball no local data for semver@https://registry.npmjs.org/semver/-/semver-7.8.5.tgz. Extracting by manifest.
1316 silly tarball no local data for ignore@https://package-mirror.liara.ir/repository/npm/ignore/-/ignore-7.0.5.tgz. Extracting by manifest.
1317 silly tarball no local data for brace-expansion@https://package-mirror.liara.ir/repository/npm/brace-expansion/-/brace-expansion-5.0.6.tgz. Extracting by manifest.
1318 silly tarball no local data for balanced-match@https://package-mirror.liara.ir/repository/npm/balanced-match/-/balanced-match-4.0.4.tgz. Extracting by manifest.
1319 silly tarball no local data for fast-glob@https://package-mirror.liara.ir/repository/npm/fast-glob/-/fast-glob-3.3.3.tgz. Extracting by manifest.
1320 silly tarball no local data for minimatch@https://package-mirror.liara.ir/repository/npm/minimatch/-/minimatch-10.2.5.tgz. Extracting by manifest.
1321 silly tarball no local data for json-schema-traverse@https://package-mirror.liara.ir/repository/npm/json-schema-traverse/-/json-schema-traverse-1.0.0.tgz. Extracting by manifest.
1322 silly tarball no local data for which@https://package-mirror.liara.ir/repository/npm/which/-/which-4.0.0.tgz. Extracting by manifest.
1323 silly tarball no local data for ajv@https://package-mirror.liara.ir/repository/npm/ajv/-/ajv-8.20.0.tgz. Extracting by manifest.
1324 silly tarball no local data for eslint-visitor-keys@https://package-mirror.liara.ir/repository/npm/eslint-visitor-keys/-/eslint-visitor-keys-3.4.3.tgz. Extracting by manifest.
1325 silly tarball no local data for balanced-match@https://package-mirror.liara.ir/repository/npm/balanced-match/-/balanced-match-4.0.4.tgz. Extracting by manifest.
1326 silly tarball no local data for brace-expansion@https://package-mirror.liara.ir/repository/npm/brace-expansion/-/brace-expansion-5.0.6.tgz. Extracting by manifest.
1327 silly tarball no local data for picomatch@https://package-mirror.liara.ir/repository/npm/picomatch/-/picomatch-4.0.4.tgz. Extracting by manifest.
1328 silly tarball no local data for strip-final-newline@https://package-mirror.liara.ir/repository/npm/strip-final-newline/-/strip-final-newline-2.0.0.tgz. Extracting by manifest.
1329 silly tarball no local data for onetime@https://package-mirror.liara.ir/repository/npm/onetime/-/onetime-5.1.2.tgz. Extracting by manifest.
1330 silly tarball no local data for signal-exit@https://package-mirror.liara.ir/repository/npm/signal-exit/-/signal-exit-3.0.7.tgz. Extracting by manifest.
1331 silly tarball no local data for npm-run-path@https://package-mirror.liara.ir/repository/npm/npm-run-path/-/npm-run-path-4.0.1.tgz. Extracting by manifest.
1332 silly tarball no local data for is-stream@https://package-mirror.liara.ir/repository/npm/is-stream/-/is-stream-2.0.1.tgz. Extracting by manifest.
1333 silly tarball no local data for human-signals@https://package-mirror.liara.ir/repository/npm/human-signals/-/human-signals-2.1.0.tgz. Extracting by manifest.
1334 silly tarball no local data for get-stream@https://package-mirror.liara.ir/repository/npm/get-stream/-/get-stream-6.0.1.tgz. Extracting by manifest.
1335 silly tarball no local data for isexe@https://package-mirror.liara.ir/repository/npm/isexe/-/isexe-3.1.5.tgz. Extracting by manifest.
1336 silly tarball no local data for fdir@https://package-mirror.liara.ir/repository/npm/fdir/-/fdir-6.5.0.tgz. Extracting by manifest.
1337 silly tarball no local data for commander@https://package-mirror.liara.ir/repository/npm/commander/-/commander-11.1.0.tgz. Extracting by manifest.
1338 silly tarball no local data for execa@https://package-mirror.liara.ir/repository/npm/execa/-/execa-5.1.1.tgz. Extracting by manifest.
1339 http fetch GET 200 https://package-mirror.liara.ir/repository/npm/yocto-queue/-/yocto-queue-0.1.0.tgz 829ms (cache miss)
1340 http fetch GET 200 https://package-mirror.liara.ir/repository/npm/yallist/-/yallist-3.1.1.tgz 833ms (cache miss)
1341 http fetch GET 200 https://package-mirror.liara.ir/repository/npm/which/-/which-2.0.2.tgz 836ms (cache miss)
1342 http fetch GET 200 https://package-mirror.liara.ir/repository/npm/wrappy/-/wrappy-1.0.2.tgz 849ms (cache miss)
1343 http fetch GET 200 https://package-mirror.liara.ir/repository/npm/word-wrap/-/word-wrap-1.2.5.tgz 856ms (cache miss)
1344 http fetch GET 200 https://package-mirror.liara.ir/repository/npm/which-typed-array/-/which-typed-array-1.1.22.tgz 878ms (cache miss)
1345 http fetch GET 200 https://package-mirror.liara.ir/repository/npm/util-deprecate/-/util-deprecate-1.0.2.tgz 876ms (cache miss)
1346 http fetch GET 200 https://package-mirror.liara.ir/repository/npm/which-collection/-/which-collection-1.0.2.tgz 881ms (cache miss)
1347 http fetch GET 200 https://package-mirror.liara.ir/repository/npm/universalify/-/universalify-2.0.1.tgz 877ms (cache miss)
1348 http fetch GET 200 https://package-mirror.liara.ir/repository/npm/wsl-utils/-/wsl-utils-0.3.1.tgz 890ms (cache miss)
1349 http fetch GET 200 https://package-mirror.liara.ir/repository/npm/which-builtin-type/-/which-builtin-type-1.2.1.tgz 888ms (cache miss)
1350 http fetch GET 200 https://package-mirror.liara.ir/repository/npm/which-boxed-primitive/-/which-boxed-primitive-1.1.1.tgz 892ms (cache miss)
1351 http fetch GET 200 https://package-mirror.liara.ir/repository/npm/update-browserslist-db/-/update-browserslist-db-1.2.3.tgz 890ms (cache miss)
1352 http fetch GET 200 https://package-mirror.liara.ir/repository/npm/unrs-resolver/-/unrs-resolver-1.12.2.tgz 891ms (cache miss)
1353 http fetch GET 200 https://package-mirror.liara.ir/repository/npm/zod-validation-error/-/zod-validation-error-4.0.2.tgz 961ms (cache miss)
1354 http fetch GET 200 https://package-mirror.liara.ir/repository/npm/vary/-/vary-1.1.2.tgz 948ms (cache miss)
1355 http fetch GET 200 https://package-mirror.liara.ir/repository/npm/yoctocolors/-/yoctocolors-2.1.2.tgz 969ms (cache miss)
1356 http fetch GET 200 https://package-mirror.liara.ir/repository/npm/unicorn-magic/-/unicorn-magic-0.3.0.tgz 959ms (cache miss)
1357 http fetch GET 200 https://package-mirror.liara.ir/repository/npm/unbox-primitive/-/unbox-primitive-1.1.0.tgz 958ms (cache miss)
1358 http fetch GET 200 https://package-mirror.liara.ir/repository/npm/typed-array-length/-/typed-array-length-1.0.8.tgz 958ms (cache miss)
1359 http fetch GET 200 https://package-mirror.liara.ir/repository/npm/typed-array-byte-length/-/typed-array-byte-length-1.0.3.tgz 969ms (cache miss)
1360 http fetch GET 200 https://package-mirror.liara.ir/repository/npm/typed-array-buffer/-/typed-array-buffer-1.0.3.tgz 970ms (cache miss)
1361 http fetch GET 200 https://package-mirror.liara.ir/repository/npm/typed-array-byte-offset/-/typed-array-byte-offset-1.0.4.tgz 971ms (cache miss)
1362 http fetch GET 200 https://package-mirror.liara.ir/repository/npm/type-check/-/type-check-0.4.0.tgz 976ms (cache miss)
1363 http fetch GET 200 https://package-mirror.liara.ir/repository/npm/undici-types/-/undici-types-6.21.0.tgz 1018ms (cache miss)
1364 http fetch GET 200 https://package-mirror.liara.ir/repository/npm/to-regex-range/-/to-regex-range-5.0.1.tgz 1055ms (cache miss)
1365 http fetch GET 200 https://package-mirror.liara.ir/repository/npm/unpipe/-/unpipe-1.0.0.tgz 1075ms (cache miss)
1366 http fetch GET 200 https://package-mirror.liara.ir/repository/npm/type-is/-/type-is-2.1.0.tgz 1068ms (cache miss)
1367 http fetch GET 200 https://package-mirror.liara.ir/repository/npm/tslib/-/tslib-2.8.1.tgz 1073ms (cache miss)
1368 http fetch GET 200 https://package-mirror.liara.ir/repository/npm/tinyglobby/-/tinyglobby-0.2.17.tgz 1078ms (cache miss)
1369 http fetch GET 200 https://package-mirror.liara.ir/repository/npm/yocto-spinner/-/yocto-spinner-1.2.0.tgz 1107ms (cache miss)
1370 http fetch GET 200 https://package-mirror.liara.ir/repository/npm/zustand/-/zustand-5.0.14.tgz 1113ms (cache miss)
1371 http fetch GET 200 https://package-mirror.liara.ir/repository/npm/typescript-eslint/-/typescript-eslint-8.61.0.tgz 1100ms (cache miss)
1372 http fetch GET 200 https://package-mirror.liara.ir/repository/npm/tiny-invariant/-/tiny-invariant-1.3.3.tgz 1095ms (cache miss)
1373 http fetch GET 200 https://package-mirror.liara.ir/repository/npm/ts-api-utils/-/ts-api-utils-2.5.0.tgz 1099ms (cache miss)
1374 http fetch GET 200 https://package-mirror.liara.ir/repository/npm/uri-js/-/uri-js-4.4.1.tgz 1147ms (cache miss)
1375 http fetch GET 200 https://package-mirror.liara.ir/repository/npm/use-sidecar/-/use-sidecar-1.1.3.tgz 1148ms (cache miss)
1376 http fetch GET 200 https://package-mirror.liara.ir/repository/npm/supports-color/-/supports-color-7.2.0.tgz 1153ms (cache miss)
1377 http fetch GET 200 https://package-mirror.liara.ir/repository/npm/tw-animate-css/-/tw-animate-css-1.4.0.tgz 1166ms (cache miss)
1378 http fetch GET 200 https://package-mirror.liara.ir/repository/npm/use-callback-ref/-/use-callback-ref-1.3.3.tgz 1182ms (cache miss)
1379 http fetch GET 200 https://package-mirror.liara.ir/repository/npm/supports-preserve-symlinks-flag/-/supports-preserve-symlinks-flag-1.0.0.tgz 1165ms (cache miss)
1380 http fetch GET 200 https://package-mirror.liara.ir/repository/npm/tapable/-/tapable-2.3.3.tgz 1205ms (cache miss)
1381 http fetch GET 200 https://package-mirror.liara.ir/repository/npm/strip-json-comments/-/strip-json-comments-3.1.1.tgz 1201ms (cache miss)
1382 http fetch GET 200 https://package-mirror.liara.ir/repository/npm/validate-npm-package-name/-/validate-npm-package-name-7.0.2.tgz 1226ms (cache miss)
1383 http fetch GET 200 https://package-mirror.liara.ir/repository/npm/strip-final-newline/-/strip-final-newline-4.0.0.tgz 1228ms (cache miss)
1384 http fetch GET 200 https://package-mirror.liara.ir/repository/npm/tsconfig-paths/-/tsconfig-paths-3.15.0.tgz 1241ms (cache miss)
1385 http fetch GET 200 https://package-mirror.liara.ir/repository/npm/strip-bom/-/strip-bom-3.0.0.tgz 1273ms (cache miss)
1386 http fetch GET 200 https://package-mirror.liara.ir/repository/npm/string.prototype.trimend/-/string.prototype.trimend-1.0.9.tgz 1286ms (cache miss)
1387 http fetch GET 200 https://package-mirror.liara.ir/repository/npm/string.prototype.trimstart/-/string.prototype.trimstart-1.0.8.tgz 1292ms (cache miss)
1388 http fetch GET 200 https://package-mirror.liara.ir/repository/npm/toidentifier/-/toidentifier-1.0.1.tgz 1329ms (cache miss)
1389 http fetch GET 200 https://registry.npmjs.org/eslint-config-next/-/eslint-config-next-16.3.0.tgz 1216ms (cache miss)
1390 http fetch GET 200 https://package-mirror.liara.ir/repository/npm/string.prototype.matchall/-/string.prototype.matchall-4.0.12.tgz 1353ms (cache miss)
1391 http fetch GET 200 https://package-mirror.liara.ir/repository/npm/string.prototype.trim/-/string.prototype.trim-1.2.10.tgz 1357ms (cache miss)
1392 http fetch GET 200 https://package-mirror.liara.ir/repository/npm/string.prototype.includes/-/string.prototype.includes-2.0.1.tgz 1363ms (cache miss)
1393 http fetch GET 200 https://package-mirror.liara.ir/repository/npm/stringify-object/-/stringify-object-5.0.0.tgz 1434ms (cache miss)
1394 http fetch GET 200 https://package-mirror.liara.ir/repository/npm/stable-hash/-/stable-hash-0.0.5.tgz 1448ms (cache miss)
1395 http fetch GET 200 https://registry.npmjs.org/@next/env/-/env-16.3.0.tgz 1255ms (cache miss)
1396 http fetch GET 200 https://package-mirror.liara.ir/repository/npm/strip-ansi/-/strip-ansi-6.0.1.tgz 1469ms (cache miss)
1397 http fetch GET 200 https://package-mirror.liara.ir/repository/npm/string-width/-/string-width-7.2.0.tgz 1501ms (cache miss)
1398 http fetch GET 200 https://registry.npmjs.org/socks/-/socks-2.8.9.tgz 1508ms (cache miss)
1399 http fetch GET 200 https://package-mirror.liara.ir/repository/npm/stop-iteration-iterator/-/stop-iteration-iterator-1.1.0.tgz 1514ms (cache miss)
1400 http fetch GET 200 https://package-mirror.liara.ir/repository/npm/string.prototype.repeat/-/string.prototype.repeat-1.0.0.tgz 1539ms (cache miss)
1401 http fetch GET 200 https://registry.npmjs.org/@img/colour/-/colour-1.1.0.tgz 1360ms (cache miss)
1402 http fetch GET 200 https://package-mirror.liara.ir/repository/npm/stdin-discarder/-/stdin-discarder-0.2.2.tgz 1584ms (cache miss)
1403 http fetch GET 200 https://package-mirror.liara.ir/repository/npm/sisteransi/-/sisteransi-1.0.5.tgz 1584ms (cache miss)
1404 http fetch GET 200 https://package-mirror.liara.ir/repository/npm/statuses/-/statuses-2.0.2.tgz 1591ms (cache miss)
1405 http fetch GET 200 https://package-mirror.liara.ir/repository/npm/zod-to-json-schema/-/zod-to-json-schema-3.25.2.tgz 1644ms (cache miss)
1406 http fetch GET 200 https://package-mirror.liara.ir/repository/npm/styled-jsx/-/styled-jsx-5.1.6.tgz 1611ms (cache miss)
1407 http fetch GET 200 https://registry.npmjs.org/glob-parent/-/glob-parent-5.1.2.tgz 1351ms (cache miss)
1408 http fetch GET 200 https://registry.npmjs.org/smart-buffer/-/smart-buffer-4.2.0.tgz 1602ms (cache miss)
1409 http fetch GET 200 https://package-mirror.liara.ir/repository/npm/side-channel-weakmap/-/side-channel-weakmap-1.0.2.tgz 1643ms (cache miss)
1410 http fetch GET 200 https://package-mirror.liara.ir/repository/npm/side-channel-map/-/side-channel-map-1.0.1.tgz 1653ms (cache miss)
1411 http fetch GET 200 https://package-mirror.liara.ir/repository/npm/side-channel-list/-/side-channel-list-1.0.1.tgz 1658ms (cache miss)
1412 http fetch GET 200 https://package-mirror.liara.ir/repository/npm/sonner/-/sonner-2.0.7.tgz 1692ms (cache miss)
1413 http fetch GET 200 https://package-mirror.liara.ir/repository/npm/shebang-regex/-/shebang-regex-3.0.0.tgz 1696ms (cache miss)
1414 http fetch GET 200 https://package-mirror.liara.ir/repository/npm/source-map-js/-/source-map-js-1.2.1.tgz 1709ms (cache miss)
1415 http fetch GET 200 https://package-mirror.liara.ir/repository/npm/shebang-command/-/shebang-command-2.0.0.tgz 1703ms (cache miss)
1416 http fetch GET 200 https://package-mirror.liara.ir/repository/npm/setprototypeof/-/setprototypeof-1.2.0.tgz 1729ms (cache miss)
1417 http fetch GET 200 https://package-mirror.liara.ir/repository/npm/send/-/send-1.2.1.tgz 1738ms (cache miss)
1418 http fetch GET 200 https://package-mirror.liara.ir/repository/npm/serve-static/-/serve-static-2.2.1.tgz 1746ms (cache miss)
1419 http fetch GET 200 https://package-mirror.liara.ir/repository/npm/safer-buffer/-/safer-buffer-2.1.2.tgz 1751ms (cache miss)
1420 http fetch GET 200 https://package-mirror.liara.ir/repository/npm/set-function-name/-/set-function-name-2.0.2.tgz 1757ms (cache miss)
1421 http fetch GET 200 https://package-mirror.liara.ir/repository/npm/run-parallel/-/run-parallel-1.2.0.tgz 1779ms (cache miss)
1422 http fetch GET 200 https://package-mirror.liara.ir/repository/npm/resolve-from/-/resolve-from-4.0.0.tgz 1783ms (cache miss)
1423 http fetch GET 200 https://package-mirror.liara.ir/repository/npm/semver/-/semver-6.3.1.tgz 1788ms (cache miss)
1424 http fetch GET 200 https://registry.npmjs.org/react/-/react-19.2.8.tgz 1816ms (cache miss)
1425 http fetch GET 200 https://package-mirror.liara.ir/repository/npm/side-channel/-/side-channel-1.1.0.tgz 1830ms (cache miss)
1426 http fetch GET 200 https://package-mirror.liara.ir/repository/npm/set-function-length/-/set-function-length-1.2.2.tgz 1834ms (cache miss)
1427 http fetch GET 200 https://package-mirror.liara.ir/repository/npm/ts-morph/-/ts-morph-26.0.0.tgz 1880ms (cache miss)
1428 http fetch GET 200 https://package-mirror.liara.ir/repository/npm/safe-push-apply/-/safe-push-apply-1.0.0.tgz 1853ms (cache miss)
1429 http fetch GET 200 https://package-mirror.liara.ir/repository/npm/resolve-pkg-maps/-/resolve-pkg-maps-1.0.0.tgz 1856ms (cache miss)
1430 http fetch GET 200 https://package-mirror.liara.ir/repository/npm/require-from-string/-/require-from-string-2.0.2.tgz 1859ms (cache miss)
1431 http fetch GET 200 https://package-mirror.liara.ir/repository/npm/set-proto/-/set-proto-1.0.0.tgz 1866ms (cache miss)
1432 http fetch GET 200 https://package-mirror.liara.ir/repository/npm/restore-cursor/-/restore-cursor-5.1.0.tgz 1870ms (cache miss)
1433 http fetch GET 200 https://package-mirror.liara.ir/repository/npm/run-applescript/-/run-applescript-7.1.0.tgz 1873ms (cache miss)
1434 http fetch GET 200 https://package-mirror.liara.ir/repository/npm/safe-regex-test/-/safe-regex-test-1.1.0.tgz 1876ms (cache miss)
1435 http fetch GET 200 https://package-mirror.liara.ir/repository/npm/safe-array-concat/-/safe-array-concat-1.1.4.tgz 1881ms (cache miss)
1436 http fetch GET 200 https://package-mirror.liara.ir/repository/npm/source-map/-/source-map-0.6.1.tgz 1907ms (cache miss)
1437 http fetch GET 200 https://package-mirror.liara.ir/repository/npm/router/-/router-2.2.0.tgz 1892ms (cache miss)
1438 http fetch GET 200 https://package-mirror.liara.ir/repository/npm/punycode/-/punycode-2.3.1.tgz 1891ms (cache miss)
1439 http fetch GET 200 https://package-mirror.liara.ir/repository/npm/react-is/-/react-is-16.13.1.tgz 1899ms (cache miss)
1440 http fetch GET 200 https://package-mirror.liara.ir/repository/npm/reusify/-/reusify-1.1.0.tgz 1902ms (cache miss)
1441 http fetch GET 200 https://package-mirror.liara.ir/repository/npm/tailwindcss/-/tailwindcss-4.3.1.tgz 1938ms (cache miss)
1442 http fetch GET 200 https://package-mirror.liara.ir/repository/npm/scheduler/-/scheduler-0.27.0.tgz 1940ms (cache miss)
1443 http fetch GET 200 https://package-mirror.liara.ir/repository/npm/reflect.getprototypeof/-/reflect.getprototypeof-1.0.10.tgz 1963ms (cache miss)
1444 http fetch GET 200 https://package-mirror.liara.ir/repository/npm/raw-body/-/raw-body-3.0.2.tgz 1960ms (cache miss)
1445 http fetch GET 200 https://package-mirror.liara.ir/repository/npm/range-parser/-/range-parser-1.2.1.tgz 1963ms (cache miss)
1446 http fetch GET 200 https://package-mirror.liara.ir/repository/npm/queue-microtask/-/queue-microtask-1.2.3.tgz 1960ms (cache miss)
1447 http fetch GET 200 https://package-mirror.liara.ir/repository/npm/proxy-addr/-/proxy-addr-2.0.7.tgz 1968ms (cache miss)
1448 http fetch GET 200 https://package-mirror.liara.ir/repository/npm/regexp.prototype.flags/-/regexp.prototype.flags-1.5.4.tgz 1985ms (cache miss)
1449 http fetch GET 200 https://package-mirror.liara.ir/repository/npm/prop-types/-/prop-types-15.8.1.tgz 1984ms (cache miss)
1450 http fetch GET 200 https://package-mirror.liara.ir/repository/npm/pretty-ms/-/pretty-ms-9.3.0.tgz 1985ms (cache miss)
1451 http fetch GET 200 https://registry.npmjs.org/fast-glob/-/fast-glob-3.3.1.tgz 1910ms (cache miss)
1452 http fetch GET 200 https://registry.npmjs.org/nanoid/-/nanoid-3.3.18.tgz 1973ms (cache miss)
1453 http fetch GET 200 https://package-mirror.liara.ir/repository/npm/powershell-utils/-/powershell-utils-0.1.0.tgz 1996ms (cache miss)
1454 http fetch GET 200 https://registry.npmjs.org/shadcn/-/shadcn-4.17.0.tgz 2016ms (cache miss)
1455 http fetch GET 200 https://package-mirror.liara.ir/repository/npm/prelude-ls/-/prelude-ls-1.2.1.tgz 2007ms (cache miss)
1456 http fetch GET 200 https://package-mirror.liara.ir/repository/npm/tailwind-merge/-/tailwind-merge-3.6.0.tgz 2052ms (cache miss)
1457 http fetch GET 200 https://package-mirror.liara.ir/repository/npm/signal-exit/-/signal-exit-4.1.0.tgz 2058ms (cache miss)
1458 http fetch GET 200 https://package-mirror.liara.ir/repository/npm/picocolors/-/picocolors-1.1.1.tgz 2038ms (cache miss)
1459 http fetch GET 200 https://registry.npmjs.org/dompurify/-/dompurify-3.4.13.tgz 1953ms (cache miss)
1460 http fetch GET 200 https://package-mirror.liara.ir/repository/npm/possible-typed-array-names/-/possible-typed-array-names-1.1.0.tgz 2083ms (cache miss)
1461 http fetch GET 200 https://package-mirror.liara.ir/repository/npm/pkce-challenge/-/pkce-challenge-5.0.1.tgz 2108ms (cache miss)
1462 http fetch GET 200 https://package-mirror.liara.ir/repository/npm/path-exists/-/path-exists-4.0.0.tgz 2113ms (cache miss)
1463 http fetch GET 200 https://package-mirror.liara.ir/repository/npm/path-parse/-/path-parse-1.0.7.tgz 2113ms (cache miss)
1464 http fetch GET 200 https://package-mirror.liara.ir/repository/npm/picomatch/-/picomatch-2.3.2.tgz 2119ms (cache miss)
1465 http fetch GET 200 https://package-mirror.liara.ir/repository/npm/path-to-regexp/-/path-to-regexp-8.4.2.tgz 2125ms (cache miss)
1466 http fetch GET 200 https://package-mirror.liara.ir/repository/npm/parse-json/-/parse-json-5.2.0.tgz 2124ms (cache miss)
1467 http fetch GET 200 https://package-mirror.liara.ir/repository/npm/path-key/-/path-key-3.1.1.tgz 2134ms (cache miss)
1468 http fetch GET 200 https://package-mirror.liara.ir/repository/npm/p-locate/-/p-locate-5.0.0.tgz 2149ms (cache miss)
1469 http fetch GET 200 https://package-mirror.liara.ir/repository/npm/react-remove-scroll-bar/-/react-remove-scroll-bar-2.3.8.tgz 2165ms (cache miss)
1470 http fetch GET 200 https://package-mirror.liara.ir/repository/npm/react-style-singleton/-/react-style-singleton-2.2.3.tgz 2170ms (cache miss)
1471 http fetch GET 200 https://package-mirror.liara.ir/repository/npm/own-keys/-/own-keys-1.0.1.tgz 2161ms (cache miss)
1472 http fetch GET 200 https://registry.npmjs.org/sharp/-/sharp-0.35.3.tgz 2214ms (cache miss)
1473 http fetch GET 200 https://package-mirror.liara.ir/repository/npm/path-browserify/-/path-browserify-1.0.1.tgz 2201ms (cache miss)
1474 http fetch GET 200 https://package-mirror.liara.ir/repository/npm/radix-ui/-/radix-ui-1.5.0.tgz 2218ms (cache miss)
1475 http fetch GET 200 https://registry.npmjs.org/semver/-/semver-7.8.5.tgz 1986ms (cache miss)
1476 http fetch GET 200 https://registry.npmjs.org/postcss/-/postcss-8.5.23.tgz 2003ms (cache miss)
1477 http fetch GET 200 https://package-mirror.liara.ir/repository/npm/recast/-/recast-0.23.11.tgz 2246ms (cache miss)
1478 http fetch GET 200 https://package-mirror.liara.ir/repository/npm/p-limit/-/p-limit-3.1.0.tgz 2279ms (cache miss)
1479 http fetch GET 200 https://package-mirror.liara.ir/repository/npm/parent-module/-/parent-module-1.0.1.tgz 2282ms (cache miss)
1480 http fetch GET 200 https://package-mirror.liara.ir/repository/npm/postcss-selector-parser/-/postcss-selector-parser-7.1.4.tgz 2304ms (cache miss)
1481 http fetch GET 200 https://package-mirror.liara.ir/repository/npm/optionator/-/optionator-0.9.4.tgz 2299ms (cache miss)
1482 http fetch GET 200 https://package-mirror.liara.ir/repository/npm/postcss/-/postcss-8.5.15.tgz 2315ms (cache miss)
1483 http fetch GET 200 https://package-mirror.liara.ir/repository/npm/once/-/once-1.4.0.tgz 2328ms (cache miss)
1484 http fetch GET 200 https://package-mirror.liara.ir/repository/npm/parseurl/-/parseurl-1.3.3.tgz 2335ms (cache miss)
1485 http fetch GET 200 https://package-mirror.liara.ir/repository/npm/proxy-from-env/-/proxy-from-env-2.1.0.tgz 2345ms (cache miss)
1486 http fetch GET 200 https://package-mirror.liara.ir/repository/npm/react-remove-scroll/-/react-remove-scroll-2.7.2.tgz 2378ms (cache miss)
1487 http fetch GET 200 https://package-mirror.liara.ir/repository/npm/object.values/-/object.values-1.2.1.tgz 2366ms (cache miss)
1488 http fetch GET 200 https://package-mirror.liara.ir/repository/npm/parse-ms/-/parse-ms-4.0.0.tgz 2415ms (cache miss)
1489 http fetch GET 200 https://package-mirror.liara.ir/repository/npm/onetime/-/onetime-7.0.0.tgz 2424ms (cache miss)
1490 http fetch GET 200 https://package-mirror.liara.ir/repository/npm/on-finished/-/on-finished-2.4.1.tgz 2423ms (cache miss)
1491 http fetch GET 200 https://package-mirror.liara.ir/repository/npm/prompts/-/prompts-2.4.2.tgz 2462ms (cache miss)
1492 http fetch GET 200 https://package-mirror.liara.ir/repository/npm/ora/-/ora-8.2.0.tgz 2456ms (cache miss)
1493 http fetch GET 200 https://package-mirror.liara.ir/repository/npm/qs/-/qs-6.15.2.tgz 2496ms (cache miss)
1494 http fetch GET 200 https://package-mirror.liara.ir/repository/npm/object-treeify/-/object-treeify-1.1.33.tgz 2566ms (cache miss)
1495 http fetch GET 200 https://package-mirror.liara.ir/repository/npm/object-assign/-/object-assign-4.1.1.tgz 2566ms (cache miss)
1496 http fetch GET 200 https://package-mirror.liara.ir/repository/npm/object.fromentries/-/object.fromentries-2.0.8.tgz 2579ms (cache miss)
1497 http fetch GET 200 https://package-mirror.liara.ir/repository/npm/object.groupby/-/object.groupby-1.0.3.tgz 2582ms (cache miss)
1498 http fetch GET 200 https://package-mirror.liara.ir/repository/npm/node-releases/-/node-releases-2.0.47.tgz 2581ms (cache miss)
1499 http fetch GET 200 https://package-mirror.liara.ir/repository/npm/normalize-wheel/-/normalize-wheel-1.0.1.tgz 2586ms (cache miss)
1500 http fetch GET 200 https://package-mirror.liara.ir/repository/npm/next-themes/-/next-themes-0.4.6.tgz 2590ms (cache miss)
1501 http fetch GET 200 https://package-mirror.liara.ir/repository/npm/object-keys/-/object-keys-1.1.1.tgz 2592ms (cache miss)
1502 http fetch GET 200 https://package-mirror.liara.ir/repository/npm/react-easy-crop/-/react-easy-crop-6.0.2.tgz 2636ms (cache miss)
1503 http fetch GET 200 https://package-mirror.liara.ir/repository/npm/object.assign/-/object.assign-4.1.7.tgz 2627ms (cache miss)
1504 http fetch GET 200 https://registry.npmjs.org/undici/-/undici-7.29.0.tgz 2681ms (cache miss)
1505 http fetch GET 200 https://package-mirror.liara.ir/repository/npm/open/-/open-11.0.0.tgz 2635ms (cache miss)
1506 http fetch GET 200 https://package-mirror.liara.ir/repository/npm/object.entries/-/object.entries-1.1.9.tgz 2657ms (cache miss)
1507 http fetch GET 200 https://package-mirror.liara.ir/repository/npm/ms/-/ms-2.1.3.tgz 2676ms (cache miss)
1508 http fetch GET 200 https://package-mirror.liara.ir/repository/npm/npm-run-path/-/npm-run-path-6.0.0.tgz 2681ms (cache miss)
1509 http fetch GET 200 https://package-mirror.liara.ir/repository/npm/natural-compare/-/natural-compare-1.4.0.tgz 2683ms (cache miss)
1510 http fetch GET 200 https://package-mirror.liara.ir/repository/npm/minimatch/-/minimatch-3.1.5.tgz 2683ms (cache miss)
1511 http fetch GET 200 https://package-mirror.liara.ir/repository/npm/negotiator/-/negotiator-1.0.0.tgz 2712ms (cache miss)
1512 http fetch GET 200 https://package-mirror.liara.ir/repository/npm/merge2/-/merge2-1.4.1.tgz 2711ms (cache miss)
1513 http fetch GET 200 https://package-mirror.liara.ir/repository/npm/micromatch/-/micromatch-4.0.8.tgz 2724ms (cache miss)
1514 http fetch GET 200 https://package-mirror.liara.ir/repository/npm/mimic-fn/-/mimic-fn-2.1.0.tgz 2743ms (cache miss)
1515 http fetch GET 200 https://package-mirror.liara.ir/repository/npm/lru-cache/-/lru-cache-5.1.1.tgz 2744ms (cache miss)
1516 http fetch GET 200 https://package-mirror.liara.ir/repository/npm/mimic-function/-/mimic-function-5.0.1.tgz 2750ms (cache miss)
1517 http fetch GET 200 https://registry.npmjs.org/react-dom/-/react-dom-19.2.8.tgz 2776ms (cache miss)
1518 http fetch GET 200 https://package-mirror.liara.ir/repository/npm/loose-envify/-/loose-envify-1.4.0.tgz 2802ms (cache miss)
1519 http fetch GET 200 https://package-mirror.liara.ir/repository/npm/object-inspect/-/object-inspect-1.13.4.tgz 2820ms (cache miss)
1520 http fetch GET 200 https://package-mirror.liara.ir/repository/npm/merge-stream/-/merge-stream-2.0.0.tgz 2812ms (cache miss)
1521 http fetch GET 200 https://package-mirror.liara.ir/repository/npm/napi-postinstall/-/napi-postinstall-0.3.4.tgz 2852ms (cache miss)
1522 http fetch GET 200 https://package-mirror.liara.ir/repository/npm/minimist/-/minimist-1.2.8.tgz 2865ms (cache miss)
1523 http fetch GET 200 https://package-mirror.liara.ir/repository/npm/locate-path/-/locate-path-6.0.0.tgz 2860ms (cache miss)
1524 http fetch GET 200 https://package-mirror.liara.ir/repository/npm/merge-descriptors/-/merge-descriptors-2.0.0.tgz 2864ms (cache miss)
1525 http fetch GET 200 https://package-mirror.liara.ir/repository/npm/media-typer/-/media-typer-1.1.0.tgz 2869ms (cache miss)
1526 http fetch GET 200 https://package-mirror.liara.ir/repository/npm/lodash.merge/-/lodash.merge-4.6.2.tgz 2869ms (cache miss)
1527 http fetch GET 200 https://package-mirror.liara.ir/repository/npm/mime-types/-/mime-types-3.0.2.tgz 2887ms (cache miss)
1528 http fetch GET 200 https://package-mirror.liara.ir/repository/npm/mime-db/-/mime-db-1.54.0.tgz 2891ms (cache miss)
1529 http fetch GET 200 https://package-mirror.liara.ir/repository/npm/lines-and-columns/-/lines-and-columns-1.2.4.tgz 2888ms (cache miss)
1530 http fetch GET 200 https://registry.npmjs.org/axios/-/axios-1.19.0.tgz 2819ms (cache miss)
1531 http fetch GET 200 https://package-mirror.liara.ir/repository/npm/node-exports-info/-/node-exports-info-1.6.0.tgz 2938ms (cache miss)
1532 http fetch GET 200 https://package-mirror.liara.ir/repository/npm/keyv/-/keyv-4.5.4.tgz 2927ms (cache miss)
1533 http fetch GET 200 https://package-mirror.liara.ir/repository/npm/log-symbols/-/log-symbols-6.0.0.tgz 2935ms (cache miss)
1534 http fetch GET 200 https://package-mirror.liara.ir/repository/npm/jsonfile/-/jsonfile-6.2.1.tgz 2932ms (cache miss)
1535 http fetch GET 200 https://package-mirror.liara.ir/repository/npm/language-tags/-/language-tags-1.0.9.tgz 2938ms (cache miss)
1536 http fetch GET 200 https://package-mirror.liara.ir/repository/npm/resolve/-/resolve-2.0.0-next.7.tgz 2974ms (cache miss)
1537 http fetch GET 200 https://package-mirror.liara.ir/repository/npm/levn/-/levn-0.4.1.tgz 2943ms (cache miss)
1538 http fetch GET 200 https://package-mirror.liara.ir/repository/npm/magic-string/-/magic-string-0.30.21.tgz 2949ms (cache miss)
1539 http fetch GET 200 https://package-mirror.liara.ir/repository/npm/math-intrinsics/-/math-intrinsics-1.1.0.tgz 2962ms (cache miss)
1540 http fetch GET 200 https://package-mirror.liara.ir/repository/npm/lightningcss/-/lightningcss-1.32.0.tgz 2975ms (cache miss)
1541 http fetch GET 200 https://package-mirror.liara.ir/repository/npm/kleur/-/kleur-4.1.5.tgz 3009ms (cache miss)
1542 http fetch GET 200 https://package-mirror.liara.ir/repository/npm/json5/-/json5-2.2.3.tgz 3067ms (cache miss)
1543 http fetch GET 200 https://package-mirror.liara.ir/repository/npm/js-tokens/-/js-tokens-4.0.0.tgz 3083ms (cache miss)
1544 http fetch GET 200 https://package-mirror.liara.ir/repository/npm/json-buffer/-/json-buffer-3.0.1.tgz 3085ms (cache miss)
1545 http fetch GET 200 https://package-mirror.liara.ir/repository/npm/json-parse-even-better-errors/-/json-parse-even-better-errors-2.3.1.tgz 3092ms (cache miss)
1546 http fetch GET 200 https://package-mirror.liara.ir/repository/npm/jsesc/-/jsesc-3.1.0.tgz 3100ms (cache miss)
1547 http fetch GET 200 https://package-mirror.liara.ir/repository/npm/json-schema-traverse/-/json-schema-traverse-0.4.1.tgz 3107ms (cache miss)
1548 http fetch GET 200 https://package-mirror.liara.ir/repository/npm/json-stable-stringify-without-jsonify/-/json-stable-stringify-without-jsonify-1.0.1.tgz 3124ms (cache miss)
1549 http fetch GET 200 https://package-mirror.liara.ir/repository/npm/motion-utils/-/motion-utils-12.39.0.tgz 3157ms (cache miss)
1550 http fetch GET 200 https://package-mirror.liara.ir/repository/npm/json-schema-typed/-/json-schema-typed-8.0.2.tgz 3252ms (cache miss)
1551 http fetch GET 200 https://package-mirror.liara.ir/repository/npm/isarray/-/isarray-2.0.5.tgz 3251ms (cache miss)
1552 http fetch GET 200 https://package-mirror.liara.ir/repository/npm/is-wsl/-/is-wsl-3.1.1.tgz 3260ms (cache miss)
1553 http fetch GET 200 https://package-mirror.liara.ir/repository/npm/iterator.prototype/-/iterator.prototype-1.1.5.tgz 3262ms (cache miss)
1554 http fetch GET 200 https://package-mirror.liara.ir/repository/npm/language-subtag-registry/-/language-subtag-registry-0.3.23.tgz 3269ms (cache miss)
1555 http fetch GET 200 https://package-mirror.liara.ir/repository/npm/isexe/-/isexe-2.0.0.tgz 3269ms (cache miss)
1556 http fetch GET 200 https://package-mirror.liara.ir/repository/npm/is-weakref/-/is-weakref-1.1.1.tgz 3274ms (cache miss)
1557 http fetch GET 200 https://package-mirror.liara.ir/repository/npm/is-weakmap/-/is-weakmap-2.0.2.tgz 3278ms (cache miss)
1558 http fetch GET 200 https://package-mirror.liara.ir/repository/npm/is-weakset/-/is-weakset-2.0.4.tgz 3336ms (cache miss)
1559 http fetch GET 200 https://package-mirror.liara.ir/repository/npm/is-typed-array/-/is-typed-array-1.1.15.tgz 3360ms (cache miss)
1560 http fetch GET 200 https://package-mirror.liara.ir/repository/npm/is-stream/-/is-stream-4.0.1.tgz 3444ms (cache miss)
1561 http fetch GET 200 https://package-mirror.liara.ir/repository/npm/is-unicode-supported/-/is-unicode-supported-2.1.0.tgz 3448ms (cache miss)
1562 http fetch GET 200 https://package-mirror.liara.ir/repository/npm/is-string/-/is-string-1.1.1.tgz 3468ms (cache miss)
1563 http fetch GET 200 https://package-mirror.liara.ir/repository/npm/is-shared-array-buffer/-/is-shared-array-buffer-1.0.4.tgz 3470ms (cache miss)
1564 http fetch GET 200 https://package-mirror.liara.ir/repository/npm/is-symbol/-/is-symbol-1.1.1.tgz 3471ms (cache miss)
1565 http fetch GET 200 https://package-mirror.liara.ir/repository/npm/js-yaml/-/js-yaml-4.2.0.tgz 3478ms (cache miss)
1566 http fetch GET 200 https://package-mirror.liara.ir/repository/npm/is-set/-/is-set-2.0.3.tgz 3474ms (cache miss)
1567 http fetch GET 200 https://package-mirror.liara.ir/repository/npm/jsx-ast-utils/-/jsx-ast-utils-3.3.5.tgz 3500ms (cache miss)
1568 http fetch GET 200 https://package-mirror.liara.ir/repository/npm/is-regex/-/is-regex-1.2.1.tgz 3514ms (cache miss)
1569 http fetch GET 200 https://registry.npmjs.org/@next/eslint-plugin-next/-/eslint-plugin-next-16.3.0.tgz 3405ms (cache miss)
1570 http fetch GET 200 https://package-mirror.liara.ir/repository/npm/is-regexp/-/is-regexp-3.1.0.tgz 3585ms (cache miss)
1571 http fetch GET 200 https://package-mirror.liara.ir/repository/npm/is-number/-/is-number-7.0.0.tgz 3597ms (cache miss)
1572 http fetch GET 200 https://package-mirror.liara.ir/repository/npm/is-number-object/-/is-number-object-1.1.1.tgz 3603ms (cache miss)
1573 http fetch GET 200 https://package-mirror.liara.ir/repository/npm/is-negative-zero/-/is-negative-zero-2.0.3.tgz 3609ms (cache miss)
1574 http fetch GET 200 https://package-mirror.liara.ir/repository/npm/is-promise/-/is-promise-4.0.0.tgz 3622ms (cache miss)
1575 http fetch GET 200 https://package-mirror.liara.ir/repository/npm/is-obj/-/is-obj-3.0.0.tgz 3646ms (cache miss)
1576 http fetch GET 200 https://package-mirror.liara.ir/repository/npm/react-hook-form/-/react-hook-form-7.79.0.tgz 3752ms (cache miss)
1577 http fetch GET 200 https://package-mirror.liara.ir/repository/npm/is-plain-obj/-/is-plain-obj-4.1.0.tgz 3720ms (cache miss)
1578 http fetch GET 200 https://package-mirror.liara.ir/repository/npm/is-in-ssh/-/is-in-ssh-1.0.0.tgz 3733ms (cache miss)
1579 http fetch GET 200 https://package-mirror.liara.ir/repository/npm/is-glob/-/is-glob-4.0.3.tgz 3741ms (cache miss)
1580 http fetch GET 200 https://package-mirror.liara.ir/repository/npm/is-finalizationregistry/-/is-finalizationregistry-1.1.1.tgz 3774ms (cache miss)
1581 http fetch GET 200 https://package-mirror.liara.ir/repository/npm/is-map/-/is-map-2.0.3.tgz 3779ms (cache miss)
1582 http fetch GET 200 https://package-mirror.liara.ir/repository/npm/is-inside-container/-/is-inside-container-1.0.0.tgz 3783ms (cache miss)
1583 http fetch GET 200 https://package-mirror.liara.ir/repository/npm/is-generator-function/-/is-generator-function-1.1.2.tgz 3784ms (cache miss)
1584 http fetch GET 200 https://package-mirror.liara.ir/repository/npm/jose/-/jose-6.2.3.tgz 3799ms (cache miss)
1585 http fetch GET 200 https://package-mirror.liara.ir/repository/npm/is-data-view/-/is-data-view-1.0.2.tgz 3795ms (cache miss)
1586 http fetch GET 200 https://package-mirror.liara.ir/repository/npm/is-docker/-/is-docker-3.0.0.tgz 3807ms (cache miss)
1587 http fetch GET 200 https://package-mirror.liara.ir/repository/npm/is-extglob/-/is-extglob-2.1.1.tgz 3903ms (cache miss)
1588 http fetch GET 200 https://package-mirror.liara.ir/repository/npm/is-callable/-/is-callable-1.2.7.tgz 3964ms (cache miss)
1589 http fetch GET 200 https://package-mirror.liara.ir/repository/npm/is-date-object/-/is-date-object-1.1.0.tgz 3966ms (cache miss)
1590 http fetch GET 200 https://package-mirror.liara.ir/repository/npm/jiti/-/jiti-2.7.0.tgz 3989ms (cache miss)
1591 http fetch GET 200 https://package-mirror.liara.ir/repository/npm/is-arrayish/-/is-arrayish-0.2.1.tgz 3991ms (cache miss)
1592 http fetch GET 200 https://package-mirror.liara.ir/repository/npm/is-core-module/-/is-core-module-2.16.2.tgz 4001ms (cache miss)
1593 http fetch GET 200 https://package-mirror.liara.ir/repository/npm/is-async-function/-/is-async-function-2.1.1.tgz 4003ms (cache miss)
1594 http fetch GET 200 https://package-mirror.liara.ir/repository/npm/is-boolean-object/-/is-boolean-object-1.2.2.tgz 4005ms (cache miss)
1595 http fetch GET 200 https://package-mirror.liara.ir/repository/npm/is-bun-module/-/is-bun-module-2.0.0.tgz 4005ms (cache miss)
1596 http fetch GET 200 https://package-mirror.liara.ir/repository/npm/is-interactive/-/is-interactive-2.0.0.tgz 4017ms (cache miss)
1597 http fetch GET 200 https://package-mirror.liara.ir/repository/npm/is-bigint/-/is-bigint-1.1.0.tgz 4013ms (cache miss)
1598 http fetch GET 200 https://package-mirror.liara.ir/repository/npm/is-array-buffer/-/is-array-buffer-3.0.5.tgz 4159ms (cache miss)
1599 http fetch GET 200 https://package-mirror.liara.ir/repository/npm/inherits/-/inherits-2.0.4.tgz 4190ms (cache miss)
1600 http fetch GET 200 https://package-mirror.liara.ir/repository/npm/import-fresh/-/import-fresh-3.3.1.tgz 4194ms (cache miss)
1601 http fetch GET 200 https://package-mirror.liara.ir/repository/npm/imurmurhash/-/imurmurhash-0.1.4.tgz 4196ms (cache miss)
1602 http fetch GET 200 https://package-mirror.liara.ir/repository/npm/ignore/-/ignore-5.3.2.tgz 4202ms (cache miss)
1603 http fetch GET 200 https://package-mirror.liara.ir/repository/npm/internal-slot/-/internal-slot-1.1.0.tgz 4207ms (cache miss)
1604 http fetch GET 200 https://package-mirror.liara.ir/repository/npm/typescript/-/typescript-5.9.3.tgz 4311ms (cache miss)
1605 http fetch GET 200 https://package-mirror.liara.ir/repository/npm/human-signals/-/human-signals-8.0.1.tgz 4344ms (cache miss)
1606 http fetch GET 200 https://package-mirror.liara.ir/repository/npm/zod/-/zod-4.4.3.tgz 4614ms (cache miss)
1607 http fetch GET 200 https://package-mirror.liara.ir/repository/npm/ipaddr.js/-/ipaddr.js-1.9.1.tgz 4531ms (cache miss)
1608 http fetch GET 200 https://package-mirror.liara.ir/repository/npm/http-errors/-/http-errors-2.0.1.tgz 4544ms (cache miss)
1609 http fetch GET 200 https://package-mirror.liara.ir/repository/npm/motion-dom/-/motion-dom-12.42.2.tgz 4651ms (cache miss)
1610 http fetch GET 200 https://package-mirror.liara.ir/repository/npm/hasown/-/hasown-2.0.4.tgz 4787ms (cache miss)
1611 http fetch GET 200 https://package-mirror.liara.ir/repository/npm/has-property-descriptors/-/has-property-descriptors-1.0.2.tgz 4793ms (cache miss)
1612 http fetch GET 200 https://package-mirror.liara.ir/repository/npm/has-tostringtag/-/has-tostringtag-1.0.2.tgz 4799ms (cache miss)
1613 http fetch GET 200 https://package-mirror.liara.ir/repository/npm/has-proto/-/has-proto-1.2.0.tgz 4799ms (cache miss)
1614 http fetch GET 200 https://package-mirror.liara.ir/repository/npm/hermes-estree/-/hermes-estree-0.25.1.tgz 4809ms (cache miss)
1615 http fetch GET 200 https://package-mirror.liara.ir/repository/npm/has-symbols/-/has-symbols-1.1.0.tgz 4833ms (cache miss)
1616 http fetch GET 200 https://package-mirror.liara.ir/repository/npm/has-flag/-/has-flag-4.0.0.tgz 5101ms (cache miss)
1617 http fetch GET 200 https://package-mirror.liara.ir/repository/npm/has-bigints/-/has-bigints-1.1.0.tgz 5169ms (cache miss)
1618 http fetch GET 200 https://package-mirror.liara.ir/repository/npm/gopd/-/gopd-1.2.0.tgz 5170ms (cache miss)
1619 http fetch GET 200 https://package-mirror.liara.ir/repository/npm/glob-parent/-/glob-parent-6.0.2.tgz 5320ms (cache miss)
1620 http fetch GET 200 https://package-mirror.liara.ir/repository/npm/globals/-/globals-14.0.0.tgz 5333ms (cache miss)
1621 http fetch GET 200 https://package-mirror.liara.ir/repository/npm/graceful-fs/-/graceful-fs-4.2.11.tgz 5347ms (cache miss)
1622 http fetch GET 200 https://package-mirror.liara.ir/repository/npm/get-symbol-description/-/get-symbol-description-1.1.0.tgz 5349ms (cache miss)
1623 http fetch GET 200 https://package-mirror.liara.ir/repository/npm/globalthis/-/globalthis-1.0.4.tgz 5354ms (cache miss)
1624 http fetch GET 200 https://package-mirror.liara.ir/repository/npm/get-tsconfig/-/get-tsconfig-4.14.0.tgz 5357ms (cache miss)
1625 http fetch GET 200 https://package-mirror.liara.ir/repository/npm/ip-address/-/ip-address-10.2.0.tgz 5507ms (cache miss)
1626 http fetch GET 200 https://package-mirror.liara.ir/repository/npm/get-intrinsic/-/get-intrinsic-1.3.0.tgz 5630ms (cache miss)
1627 http fetch GET 200 https://package-mirror.liara.ir/repository/npm/get-stream/-/get-stream-9.0.1.tgz 5641ms (cache miss)
1628 http fetch GET 200 https://package-mirror.liara.ir/repository/npm/hermes-parser/-/hermes-parser-0.25.1.tgz 5706ms (cache miss)
1629 http fetch GET 200 https://package-mirror.liara.ir/repository/npm/get-nonce/-/get-nonce-1.0.1.tgz 5910ms (cache miss)
1630 http fetch GET 200 https://package-mirror.liara.ir/repository/npm/gensync/-/gensync-1.0.0-beta.2.tgz 5919ms (cache miss)
1631 http fetch GET 200 https://package-mirror.liara.ir/repository/npm/get-proto/-/get-proto-1.0.1.tgz 5933ms (cache miss)
1632 http fetch GET 200 https://package-mirror.liara.ir/repository/npm/generator-function/-/generator-function-2.0.1.tgz 5935ms (cache miss)
1633 http fetch GET 200 https://package-mirror.liara.ir/repository/npm/function.prototype.name/-/function.prototype.name-1.1.8.tgz 5943ms (cache miss)
1634 http fetch GET 200 https://package-mirror.liara.ir/repository/npm/get-east-asian-width/-/get-east-asian-width-1.6.0.tgz 6043ms (cache miss)
1635 http fetch GET 200 https://package-mirror.liara.ir/repository/npm/function-bind/-/function-bind-1.1.2.tgz 6047ms (cache miss)
1636 http fetch GET 200 https://package-mirror.liara.ir/repository/npm/functions-have-names/-/functions-have-names-1.2.3.tgz 6174ms (cache miss)
1637 http fetch GET 200 https://package-mirror.liara.ir/repository/npm/fresh/-/fresh-2.0.0.tgz 6249ms (cache miss)
1638 http fetch GET 200 https://package-mirror.liara.ir/repository/npm/get-own-enumerable-keys/-/get-own-enumerable-keys-1.0.0.tgz 6296ms (cache miss)
1639 http fetch GET 200 https://package-mirror.liara.ir/repository/npm/follow-redirects/-/follow-redirects-1.16.0.tgz 6350ms (cache miss)
1640 http fetch GET 200 https://package-mirror.liara.ir/repository/npm/form-data/-/form-data-4.0.6.tgz 6360ms (cache miss)
1641 http fetch GET 200 https://package-mirror.liara.ir/repository/npm/fuzzysort/-/fuzzysort-3.1.0.tgz 6368ms (cache miss)
1642 http fetch GET 200 https://package-mirror.liara.ir/repository/npm/forwarded/-/forwarded-0.2.0.tgz 6374ms (cache miss)
1643 http fetch GET 200 https://package-mirror.liara.ir/repository/npm/iconv-lite/-/iconv-lite-0.7.2.tgz 6534ms (cache miss)
1644 http fetch GET 200 https://package-mirror.liara.ir/repository/npm/hono/-/hono-4.12.25.tgz 6563ms (cache miss)
1645 http fetch GET 200 https://package-mirror.liara.ir/repository/npm/for-each/-/for-each-0.3.5.tgz 6574ms (cache miss)
1646 http fetch GET 200 https://package-mirror.liara.ir/repository/npm/flatted/-/flatted-3.4.2.tgz 6578ms (cache miss)
1647 http fetch GET 200 https://package-mirror.liara.ir/repository/npm/find-up/-/find-up-5.0.0.tgz 6636ms (cache miss)
1648 http fetch GET 200 https://package-mirror.liara.ir/repository/npm/flat-cache/-/flat-cache-4.0.1.tgz 6644ms (cache miss)
1649 http fetch GET 200 https://package-mirror.liara.ir/repository/npm/file-entry-cache/-/file-entry-cache-8.0.0.tgz 6732ms (cache miss)
1650 http fetch GET 200 https://package-mirror.liara.ir/repository/npm/finalhandler/-/finalhandler-2.1.1.tgz 6735ms (cache miss)
1651 http fetch GET 200 https://package-mirror.liara.ir/repository/npm/fill-range/-/fill-range-7.1.1.tgz 6828ms (cache miss)
1652 http fetch GET 200 https://package-mirror.liara.ir/repository/npm/figures/-/figures-6.1.0.tgz 6835ms (cache miss)
1653 http fetch GET 200 https://registry.npmjs.org/@img/sharp-win32-x64/-/sharp-win32-x64-0.35.3.tgz 6740ms (cache miss)
1654 http fetch GET 200 https://package-mirror.liara.ir/repository/npm/fastq/-/fastq-1.20.1.tgz 6843ms (cache miss)
1655 http fetch GET 200 https://package-mirror.liara.ir/repository/npm/fast-levenshtein/-/fast-levenshtein-2.0.6.tgz 6900ms (cache miss)
1656 http fetch GET 200 https://package-mirror.liara.ir/repository/npm/fast-deep-equal/-/fast-deep-equal-3.1.3.tgz 6912ms (cache miss)
1657 http fetch GET 200 https://package-mirror.liara.ir/repository/npm/fast-json-stable-stringify/-/fast-json-stable-stringify-2.1.0.tgz 6921ms (cache miss)
1658 http fetch GET 200 https://package-mirror.liara.ir/repository/npm/fs-extra/-/fs-extra-11.3.5.tgz 6976ms (cache miss)
1659 http fetch GET 200 https://package-mirror.liara.ir/repository/npm/express/-/express-5.2.1.tgz 6970ms (cache miss)
1660 http fetch GET 200 https://package-mirror.liara.ir/repository/npm/esrecurse/-/esrecurse-4.3.0.tgz 7005ms (cache miss)
1661 http fetch GET 200 https://package-mirror.liara.ir/repository/npm/estraverse/-/estraverse-5.3.0.tgz 7024ms (cache miss)
1662 http fetch GET 200 https://package-mirror.liara.ir/repository/npm/esutils/-/esutils-2.0.3.tgz 7067ms (cache miss)
1663 http fetch GET 200 https://package-mirror.liara.ir/repository/npm/eventsource-parser/-/eventsource-parser-3.1.0.tgz 7075ms (cache miss)
1664 http fetch GET 200 https://package-mirror.liara.ir/repository/npm/eventsource/-/eventsource-3.0.7.tgz 7084ms (cache miss)
1665 http fetch GET 200 https://package-mirror.liara.ir/repository/npm/express-rate-limit/-/express-rate-limit-8.5.2.tgz 7088ms (cache miss)
1666 http fetch GET 200 https://package-mirror.liara.ir/repository/npm/fast-uri/-/fast-uri-3.1.2.tgz 7099ms (cache miss)
1667 http fetch GET 200 https://package-mirror.liara.ir/repository/npm/eslint-scope/-/eslint-scope-8.4.0.tgz 7164ms (cache miss)
1668 http fetch GET 200 https://package-mirror.liara.ir/repository/npm/eslint-visitor-keys/-/eslint-visitor-keys-4.2.1.tgz 7228ms (cache miss)
1669 http fetch GET 200 https://package-mirror.liara.ir/repository/npm/etag/-/etag-1.8.1.tgz 7270ms (cache miss)
1670 http fetch GET 200 https://package-mirror.liara.ir/repository/npm/espree/-/espree-10.4.0.tgz 7277ms (cache miss)
1671 http fetch GET 200 https://package-mirror.liara.ir/repository/npm/execa/-/execa-9.6.1.tgz 7290ms (cache miss)
1672 http fetch GET 200 https://package-mirror.liara.ir/repository/npm/eslint-import-resolver-typescript/-/eslint-import-resolver-typescript-3.10.1.tgz 7311ms (cache miss)
1673 http fetch GET 200 https://package-mirror.liara.ir/repository/npm/eslint-module-utils/-/eslint-module-utils-2.13.0.tgz 7353ms (cache miss)
1674 http fetch GET 200 https://package-mirror.liara.ir/repository/npm/esprima/-/esprima-4.0.1.tgz 7508ms (cache miss)
1675 http fetch GET 200 https://package-mirror.liara.ir/repository/npm/escape-string-regexp/-/escape-string-regexp-4.0.0.tgz 7546ms (cache miss)
1676 http fetch GET 200 https://package-mirror.liara.ir/repository/npm/esquery/-/esquery-1.7.0.tgz 7707ms (cache miss)
1677 http fetch GET 200 https://package-mirror.liara.ir/repository/npm/eslint-import-resolver-node/-/eslint-import-resolver-node-0.3.10.tgz 7701ms (cache miss)
1678 http fetch GET 200 https://package-mirror.liara.ir/repository/npm/escape-html/-/escape-html-1.0.3.tgz 7731ms (cache miss)
1679 http fetch GET 200 https://package-mirror.liara.ir/repository/npm/es-shim-unscopables/-/es-shim-unscopables-1.1.0.tgz 7732ms (cache miss)
1680 http fetch GET 200 https://package-mirror.liara.ir/repository/npm/escalade/-/escalade-3.2.0.tgz 7733ms (cache miss)
1681 http fetch GET 200 https://package-mirror.liara.ir/repository/npm/es-to-primitive/-/es-to-primitive-1.3.0.tgz 7739ms (cache miss)
1682 http fetch GET 200 https://package-mirror.liara.ir/repository/npm/eslint-plugin-jsx-a11y/-/eslint-plugin-jsx-a11y-6.10.2.tgz 7776ms (cache miss)
1683 http fetch GET 200 https://package-mirror.liara.ir/repository/npm/es-set-tostringtag/-/es-set-tostringtag-2.1.0.tgz 7820ms (cache miss)
1684 http fetch GET 200 https://package-mirror.liara.ir/repository/npm/es-object-atoms/-/es-object-atoms-1.1.2.tgz 7834ms (cache miss)
1685 http fetch GET 200 https://package-mirror.liara.ir/repository/npm/error-ex/-/error-ex-1.3.4.tgz 7911ms (cache miss)
1686 http fetch GET 200 https://package-mirror.liara.ir/repository/npm/es-errors/-/es-errors-1.3.0.tgz 7948ms (cache miss)
1687 http fetch GET 200 https://package-mirror.liara.ir/repository/npm/env-paths/-/env-paths-2.2.1.tgz 7961ms (cache miss)
1688 http fetch GET 200 https://package-mirror.liara.ir/repository/npm/es-define-property/-/es-define-property-1.0.1.tgz 7965ms (cache miss)
1689 http fetch GET 200 https://package-mirror.liara.ir/repository/npm/emoji-regex/-/emoji-regex-9.2.2.tgz 8035ms (cache miss)
1690 http fetch GET 200 https://package-mirror.liara.ir/repository/npm/encodeurl/-/encodeurl-2.0.0.tgz 8123ms (cache miss)
1691 http fetch GET 200 https://package-mirror.liara.ir/repository/npm/enquirer/-/enquirer-2.4.1.tgz 8127ms (cache miss)
1692 http fetch GET 200 https://package-mirror.liara.ir/repository/npm/dunder-proto/-/dunder-proto-1.0.1.tgz 8131ms (cache miss)
1693 http fetch GET 200 https://package-mirror.liara.ir/repository/npm/doctrine/-/doctrine-2.1.0.tgz 8134ms (cache miss)
1694 http fetch GET 200 https://package-mirror.liara.ir/repository/npm/electron-to-chromium/-/electron-to-chromium-1.5.372.tgz 8141ms (cache miss)
1695 http fetch GET 200 https://package-mirror.liara.ir/repository/npm/framer-motion/-/framer-motion-12.42.2.tgz 8185ms (cache miss)
1696 http fetch GET 200 https://package-mirror.liara.ir/repository/npm/detect-node-es/-/detect-node-es-1.1.0.tgz 8179ms (cache miss)
1697 http fetch GET 200 https://package-mirror.liara.ir/repository/npm/es-iterator-helpers/-/es-iterator-helpers-1.3.3.tgz 8189ms (cache miss)
1698 http fetch GET 200 https://package-mirror.liara.ir/repository/npm/ee-first/-/ee-first-1.1.1.tgz 8194ms (cache miss)
1699 http fetch GET 200 https://package-mirror.liara.ir/repository/npm/detect-libc/-/detect-libc-2.1.2.tgz 8241ms (cache miss)
1700 http fetch GET 200 https://package-mirror.liara.ir/repository/npm/delayed-stream/-/delayed-stream-1.0.0.tgz 8250ms (cache miss)
1701 http fetch GET 200 https://package-mirror.liara.ir/repository/npm/define-lazy-prop/-/define-lazy-prop-3.0.0.tgz 8265ms (cache miss)
1702 http fetch GET 200 https://package-mirror.liara.ir/repository/npm/depd/-/depd-2.0.0.tgz 8277ms (cache miss)
1703 http fetch GET 200 https://package-mirror.liara.ir/repository/npm/define-data-property/-/define-data-property-1.1.4.tgz 8279ms (cache miss)
1704 http fetch GET 200 https://package-mirror.liara.ir/repository/npm/dotenv/-/dotenv-17.4.2.tgz 8293ms (cache miss)
1705 http fetch GET 200 https://package-mirror.liara.ir/repository/npm/eslint-plugin-react-hooks/-/eslint-plugin-react-hooks-7.1.1.tgz 8319ms (cache miss)
1706 http fetch GET 200 https://package-mirror.liara.ir/repository/npm/define-properties/-/define-properties-1.2.1.tgz 8301ms (cache miss)
1707 http fetch GET 200 https://package-mirror.liara.ir/repository/npm/default-browser-id/-/default-browser-id-5.0.1.tgz 8317ms (cache miss)
1708 http fetch GET 200 https://package-mirror.liara.ir/repository/npm/enhanced-resolve/-/enhanced-resolve-5.21.6.tgz 8335ms (cache miss)
1709 http fetch GET 200 https://package-mirror.liara.ir/repository/npm/debug/-/debug-4.4.3.tgz 8342ms (cache miss)
1710 http fetch GET 200 https://package-mirror.liara.ir/repository/npm/deepmerge/-/deepmerge-4.3.1.tgz 8344ms (cache miss)
1711 http fetch GET 200 https://package-mirror.liara.ir/repository/npm/default-browser/-/default-browser-5.5.0.tgz 8345ms (cache miss)
1712 http fetch GET 200 https://package-mirror.liara.ir/repository/npm/deep-is/-/deep-is-0.1.4.tgz 8346ms (cache miss)
1713 http fetch GET 200 https://package-mirror.liara.ir/repository/npm/damerau-levenshtein/-/damerau-levenshtein-1.0.8.tgz 8357ms (cache miss)
1714 http fetch GET 200 https://package-mirror.liara.ir/repository/npm/eciesjs/-/eciesjs-0.4.18.tgz 8407ms (cache miss)
1715 http fetch GET 200 https://package-mirror.liara.ir/repository/npm/data-view-byte-offset/-/data-view-byte-offset-1.0.1.tgz 8398ms (cache miss)
1716 http fetch GET 200 https://package-mirror.liara.ir/repository/npm/data-view-buffer/-/data-view-buffer-1.0.2.tgz 8400ms (cache miss)
1717 http fetch GET 200 https://package-mirror.liara.ir/repository/npm/convert-source-map/-/convert-source-map-2.0.0.tgz 8407ms (cache miss)
1718 http fetch GET 200 https://package-mirror.liara.ir/repository/npm/data-view-byte-length/-/data-view-byte-length-1.0.2.tgz 8415ms (cache miss)
1719 http fetch GET 200 https://package-mirror.liara.ir/repository/npm/cssesc/-/cssesc-3.0.0.tgz 8415ms (cache miss)
1720 http fetch GET 200 https://package-mirror.liara.ir/repository/npm/cors/-/cors-2.8.6.tgz 8422ms (cache miss)
1721 http fetch GET 200 https://package-mirror.liara.ir/repository/npm/dedent/-/dedent-1.7.2.tgz 8430ms (cache miss)
1722 http fetch GET 200 https://package-mirror.liara.ir/repository/npm/concat-map/-/concat-map-0.0.1.tgz 8428ms (cache miss)
1723 http fetch GET 200 https://package-mirror.liara.ir/repository/npm/cookie-signature/-/cookie-signature-1.2.2.tgz 8430ms (cache miss)
1724 http fetch GET 200 https://package-mirror.liara.ir/repository/npm/cross-spawn/-/cross-spawn-7.0.6.tgz 8459ms (cache miss)
1725 http fetch GET 200 https://package-mirror.liara.ir/repository/npm/csstype/-/csstype-3.2.3.tgz 8503ms (cache miss)
1726 http fetch GET 200 https://package-mirror.liara.ir/repository/npm/color-name/-/color-name-1.1.4.tgz 8528ms (cache miss)
1727 http fetch GET 200 https://package-mirror.liara.ir/repository/npm/client-only/-/client-only-0.0.1.tgz 8559ms (cache miss)
1728 http fetch GET 200 https://package-mirror.liara.ir/repository/npm/content-disposition/-/content-disposition-1.1.0.tgz 8563ms (cache miss)
1729 http fetch GET 200 https://package-mirror.liara.ir/repository/npm/color-convert/-/color-convert-2.0.1.tgz 8567ms (cache miss)
1730 http fetch GET 200 https://package-mirror.liara.ir/repository/npm/content-type/-/content-type-1.0.5.tgz 8571ms (cache miss)
1731 http fetch GET 200 https://package-mirror.liara.ir/repository/npm/combined-stream/-/combined-stream-1.0.8.tgz 8571ms (cache miss)
1732 http fetch GET 200 https://package-mirror.liara.ir/repository/npm/clsx/-/clsx-2.1.1.tgz 8574ms (cache miss)
1733 http fetch GET 200 https://package-mirror.liara.ir/repository/npm/cosmiconfig/-/cosmiconfig-9.0.2.tgz 8602ms (cache miss)
1734 http fetch GET 200 https://package-mirror.liara.ir/repository/npm/lightningcss-win32-x64-msvc/-/lightningcss-win32-x64-msvc-1.32.0.tgz 8736ms (cache miss)
1735 http fetch GET 200 https://package-mirror.liara.ir/repository/npm/eslint-plugin-import/-/eslint-plugin-import-2.32.0.tgz 8669ms (cache miss)
1736 http fetch GET 200 https://package-mirror.liara.ir/repository/npm/callsites/-/callsites-3.1.0.tgz 8678ms (cache miss)
1737 http fetch GET 200 https://package-mirror.liara.ir/repository/npm/cookie/-/cookie-0.7.2.tgz 8688ms (cache miss)
1738 http fetch GET 200 https://package-mirror.liara.ir/repository/npm/cli-spinners/-/cli-spinners-2.9.2.tgz 8691ms (cache miss)
1739 http fetch GET 200 https://package-mirror.liara.ir/repository/npm/chalk/-/chalk-4.1.2.tgz 8691ms (cache miss)
1740 http fetch GET 200 https://package-mirror.liara.ir/repository/npm/class-variance-authority/-/class-variance-authority-0.7.1.tgz 8701ms (cache miss)
1741 http fetch GET 200 https://package-mirror.liara.ir/repository/npm/call-bound/-/call-bound-1.0.4.tgz 8703ms (cache miss)
1742 http fetch GET 200 https://package-mirror.liara.ir/repository/npm/call-bind/-/call-bind-1.0.9.tgz 8711ms (cache miss)
1743 http fetch GET 200 https://package-mirror.liara.ir/repository/npm/call-bind-apply-helpers/-/call-bind-apply-helpers-1.0.2.tgz 8723ms (cache miss)
1744 http fetch GET 200 https://package-mirror.liara.ir/repository/npm/commander/-/commander-14.0.3.tgz 8733ms (cache miss)
1745 http fetch GET 200 https://package-mirror.liara.ir/repository/npm/balanced-match/-/balanced-match-1.0.2.tgz 8760ms (cache miss)
1746 http fetch GET 200 https://package-mirror.liara.ir/repository/npm/browserslist/-/browserslist-4.28.2.tgz 8779ms (cache miss)
1747 http fetch GET 200 https://package-mirror.liara.ir/repository/npm/available-typed-arrays/-/available-typed-arrays-1.0.7.tgz 8777ms (cache miss)
1748 http fetch GET 200 https://package-mirror.liara.ir/repository/npm/braces/-/braces-3.0.3.tgz 8784ms (cache miss)
1749 http fetch GET 200 https://package-mirror.liara.ir/repository/npm/cli-cursor/-/cli-cursor-5.0.0.tgz 8811ms (cache miss)
1750 http fetch GET 200 https://package-mirror.liara.ir/repository/npm/bytes/-/bytes-3.1.2.tgz 8813ms (cache miss)
1751 http fetch GET 200 https://package-mirror.liara.ir/repository/npm/bundle-name/-/bundle-name-4.1.0.tgz 8849ms (cache miss)
1752 http fetch GET 200 https://package-mirror.liara.ir/repository/npm/code-block-writer/-/code-block-writer-13.0.3.tgz 8864ms (cache miss)
1753 http fetch GET 200 https://package-mirror.liara.ir/repository/npm/ast-types-flow/-/ast-types-flow-0.0.8.tgz 8858ms (cache miss)
1754 http fetch GET 200 https://package-mirror.liara.ir/repository/npm/baseline-browser-mapping/-/baseline-browser-mapping-2.10.37.tgz 8865ms (cache miss)
1755 http fetch GET 200 https://package-mirror.liara.ir/repository/npm/body-parser/-/body-parser-2.2.2.tgz 8872ms (cache miss)
1756 http fetch GET 200 https://package-mirror.liara.ir/repository/npm/async-function/-/async-function-1.0.0.tgz 8881ms (cache miss)
1757 http fetch GET 200 https://package-mirror.liara.ir/repository/npm/arraybuffer.prototype.slice/-/arraybuffer.prototype.slice-1.0.4.tgz 8886ms (cache miss)
1758 http fetch GET 200 https://package-mirror.liara.ir/repository/npm/array.prototype.flat/-/array.prototype.flat-1.3.3.tgz 8889ms (cache miss)
1759 http fetch GET 200 https://package-mirror.liara.ir/repository/npm/array.prototype.flatmap/-/array.prototype.flatmap-1.3.3.tgz 8891ms (cache miss)
1760 http fetch GET 200 https://package-mirror.liara.ir/repository/npm/array.prototype.findlastindex/-/array.prototype.findlastindex-1.2.6.tgz 8892ms (cache miss)
1761 http fetch GET 200 https://package-mirror.liara.ir/repository/npm/asynckit/-/asynckit-0.4.0.tgz 8909ms (cache miss)
1762 http fetch GET 200 https://package-mirror.liara.ir/repository/npm/brace-expansion/-/brace-expansion-1.1.15.tgz 8924ms (cache miss)
1763 http fetch GET 200 https://package-mirror.liara.ir/repository/npm/ansi-styles/-/ansi-styles-4.3.0.tgz 8947ms (cache miss)
1764 http fetch GET 200 https://package-mirror.liara.ir/repository/npm/array-buffer-byte-length/-/array-buffer-byte-length-1.0.2.tgz 8965ms (cache miss)
1765 http fetch GET 200 https://package-mirror.liara.ir/repository/npm/argparse/-/argparse-2.0.1.tgz 8969ms (cache miss)
1766 http fetch GET 200 https://package-mirror.liara.ir/repository/npm/aria-hidden/-/aria-hidden-1.2.6.tgz 8973ms (cache miss)
1767 http fetch GET 200 https://package-mirror.liara.ir/repository/npm/array.prototype.tosorted/-/array.prototype.tosorted-1.1.4.tgz 8979ms (cache miss)
1768 http fetch GET 200 https://package-mirror.liara.ir/repository/npm/array.prototype.findlast/-/array.prototype.findlast-1.2.5.tgz 8979ms (cache miss)
1769 http fetch GET 200 https://package-mirror.liara.ir/repository/npm/array-includes/-/array-includes-3.1.9.tgz 8992ms (cache miss)
1770 http fetch GET 200 https://package-mirror.liara.ir/repository/npm/acorn-jsx/-/acorn-jsx-5.3.2.tgz 9002ms (cache miss)
1771 http fetch GET 200 https://package-mirror.liara.ir/repository/npm/ajv-formats/-/ajv-formats-3.0.1.tgz 9009ms (cache miss)
1772 http fetch GET 200 https://package-mirror.liara.ir/repository/npm/accepts/-/accepts-2.0.0.tgz 9055ms (cache miss)
1773 http fetch GET 200 https://package-mirror.liara.ir/repository/npm/ansi-colors/-/ansi-colors-4.1.3.tgz 9063ms (cache miss)
1774 http fetch GET 200 https://package-mirror.liara.ir/repository/npm/diff/-/diff-8.0.4.tgz 9118ms (cache miss)
1775 http fetch GET 200 https://package-mirror.liara.ir/repository/npm/acorn/-/acorn-8.16.0.tgz 9113ms (cache miss)
1776 http fetch GET 200 https://package-mirror.liara.ir/repository/npm/ansi-regex/-/ansi-regex-5.0.1.tgz 9134ms (cache miss)
1777 http fetch GET 200 https://package-mirror.liara.ir/repository/npm/eslint-plugin-react/-/eslint-plugin-react-7.37.5.tgz 9233ms (cache miss)
1778 http fetch GET 200 https://package-mirror.liara.ir/repository/npm/@types/react/-/react-19.2.17.tgz 9188ms (cache miss)
1779 http fetch GET 200 https://package-mirror.liara.ir/repository/npm/@types/trusted-types/-/trusted-types-2.0.7.tgz 9260ms (cache miss)
1780 http fetch GET 200 https://package-mirror.liara.ir/repository/npm/@types/validate-npm-package-name/-/validate-npm-package-name-4.0.2.tgz 9263ms (cache miss)
1781 http fetch GET 200 https://package-mirror.liara.ir/repository/npm/@typescript-eslint/visitor-keys/-/visitor-keys-8.61.0.tgz 9293ms (cache miss)
1782 http fetch GET 200 https://package-mirror.liara.ir/repository/npm/@typescript-eslint/types/-/types-8.61.0.tgz 9296ms (cache miss)
1783 http fetch GET 200 https://package-mirror.liara.ir/repository/npm/@types/json5/-/json5-0.0.29.tgz 9346ms (cache miss)
1784 http fetch GET 200 https://package-mirror.liara.ir/repository/npm/@types/json-schema/-/json-schema-7.0.15.tgz 9349ms (cache miss)
1785 http fetch GET 200 https://package-mirror.liara.ir/repository/npm/@types/estree/-/estree-1.0.9.tgz 9352ms (cache miss)
1786 http fetch GET 200 https://package-mirror.liara.ir/repository/npm/axe-core/-/axe-core-4.12.1.tgz 9395ms (cache miss)
1787 http fetch GET 200 https://package-mirror.liara.ir/repository/npm/@types/react-dom/-/react-dom-19.2.3.tgz 9396ms (cache miss)
1788 http fetch GET 200 https://package-mirror.liara.ir/repository/npm/@rtsao/scc/-/scc-1.1.0.tgz 9415ms (cache miss)
1789 http fetch GET 200 https://package-mirror.liara.ir/repository/npm/@standard-schema/utils/-/utils-0.3.0.tgz 9428ms (cache miss)
1790 http fetch GET 200 https://package-mirror.liara.ir/repository/npm/@radix-ui/react-use-rect/-/react-use-rect-1.1.2.tgz 9533ms (cache miss)
1791 http fetch GET 200 https://package-mirror.liara.ir/repository/npm/@sindresorhus/merge-streams/-/merge-streams-4.0.0.tgz 9566ms (cache miss)
1792 http fetch GET 200 https://package-mirror.liara.ir/repository/npm/@typescript-eslint/tsconfig-utils/-/tsconfig-utils-8.61.0.tgz 9573ms (cache miss)
1793 http fetch GET 200 https://package-mirror.liara.ir/repository/npm/@typescript-eslint/parser/-/parser-8.61.0.tgz 9585ms (cache miss)
1794 http fetch GET 200 https://package-mirror.liara.ir/repository/npm/@tailwindcss/postcss/-/postcss-4.3.1.tgz 9588ms (cache miss)
1795 http fetch GET 200 https://package-mirror.liara.ir/repository/npm/@radix-ui/react-use-callback-ref/-/react-use-callback-ref-1.1.2.tgz 9597ms (cache miss)
1796 http fetch GET 200 https://package-mirror.liara.ir/repository/npm/@radix-ui/react-use-effect-event/-/react-use-effect-event-0.0.3.tgz 9609ms (cache miss)
1797 http fetch GET 200 https://package-mirror.liara.ir/repository/npm/@tailwindcss/node/-/node-4.3.1.tgz 9616ms (cache miss)
1798 http fetch GET 200 https://package-mirror.liara.ir/repository/npm/@sec-ant/readable-stream/-/readable-stream-0.4.1.tgz 9682ms (cache miss)
1799 http fetch GET 200 https://package-mirror.liara.ir/repository/npm/@typescript-eslint/type-utils/-/type-utils-8.61.0.tgz 9699ms (cache miss)
1800 http fetch GET 200 https://package-mirror.liara.ir/repository/npm/ajv/-/ajv-6.15.0.tgz 9726ms (cache miss)
1801 http fetch GET 200 https://package-mirror.liara.ir/repository/npm/@unrs/resolver-binding-win32-x64-msvc/-/resolver-binding-win32-x64-msvc-1.12.2.tgz 9768ms (cache miss)
1802 http fetch GET 200 https://package-mirror.liara.ir/repository/npm/@typescript-eslint/utils/-/utils-8.61.0.tgz 9776ms (cache miss)
1803 http fetch GET 200 https://package-mirror.liara.ir/repository/npm/@radix-ui/react-use-previous/-/react-use-previous-1.1.2.tgz 9789ms (cache miss)
1804 http fetch GET 200 https://package-mirror.liara.ir/repository/npm/@radix-ui/react-use-size/-/react-use-size-1.1.2.tgz 9793ms (cache miss)
1805 http fetch GET 200 https://package-mirror.liara.ir/repository/npm/@radix-ui/react-use-layout-effect/-/react-use-layout-effect-1.1.2.tgz 9795ms (cache miss)
1806 http fetch GET 200 https://package-mirror.liara.ir/repository/npm/@typescript-eslint/project-service/-/project-service-8.61.0.tgz 9822ms (cache miss)
1807 http fetch GET 200 https://package-mirror.liara.ir/repository/npm/@radix-ui/react-use-is-hydrated/-/react-use-is-hydrated-0.1.1.tgz 9812ms (cache miss)
1808 http fetch GET 200 https://package-mirror.liara.ir/repository/npm/@radix-ui/rect/-/rect-1.1.2.tgz 9819ms (cache miss)
1809 http fetch GET 200 https://package-mirror.liara.ir/repository/npm/@radix-ui/react-visually-hidden/-/react-visually-hidden-1.2.5.tgz 9819ms (cache miss)
1810 http fetch GET 200 https://package-mirror.liara.ir/repository/npm/@types/node/-/node-20.19.43.tgz 9826ms (cache miss)
1811 http fetch GET 200 https://package-mirror.liara.ir/repository/npm/axobject-query/-/axobject-query-4.1.0.tgz 9881ms (cache miss)
1812 http fetch GET 200 https://package-mirror.liara.ir/repository/npm/@tailwindcss/oxide/-/oxide-4.3.1.tgz 9874ms (cache miss)
1813 http fetch GET 200 https://package-mirror.liara.ir/repository/npm/@radix-ui/react-use-controllable-state/-/react-use-controllable-state-1.2.3.tgz 9868ms (cache miss)
1814 http fetch GET 200 https://package-mirror.liara.ir/repository/npm/@radix-ui/react-toggle-group/-/react-toggle-group-1.1.12.tgz 9921ms (cache miss)
1815 http fetch GET 200 https://package-mirror.liara.ir/repository/npm/@radix-ui/react-tooltip/-/react-tooltip-1.2.9.tgz 9950ms (cache miss)
1816 http fetch GET 200 https://package-mirror.liara.ir/repository/npm/@radix-ui/react-use-escape-keydown/-/react-use-escape-keydown-1.1.2.tgz 9986ms (cache miss)
1817 http fetch GET 200 https://package-mirror.liara.ir/repository/npm/@radix-ui/react-toolbar/-/react-toolbar-1.1.12.tgz 10063ms (cache miss)
1818 http fetch GET 200 https://package-mirror.liara.ir/repository/npm/@radix-ui/react-tabs/-/react-tabs-1.1.14.tgz 10065ms (cache miss)
1819 http fetch GET 200 https://package-mirror.liara.ir/repository/npm/@radix-ui/react-slot/-/react-slot-1.2.5.tgz 10072ms (cache miss)
1820 http fetch GET 200 https://package-mirror.liara.ir/repository/npm/@radix-ui/react-slider/-/react-slider-1.4.0.tgz 10072ms (cache miss)
1821 http fetch GET 200 https://package-mirror.liara.ir/repository/npm/eslint/-/eslint-9.39.4.tgz 10143ms (cache miss)
1822 http fetch GET 200 https://package-mirror.liara.ir/repository/npm/ast-types/-/ast-types-0.16.1.tgz 10135ms (cache miss)
1823 http fetch GET 200 https://package-mirror.liara.ir/repository/npm/@radix-ui/react-select/-/react-select-2.3.0.tgz 10161ms (cache miss)
1824 http fetch GET 200 https://package-mirror.liara.ir/repository/npm/@radix-ui/react-toggle/-/react-toggle-1.1.11.tgz 10175ms (cache miss)
1825 http fetch GET 200 https://package-mirror.liara.ir/repository/npm/@radix-ui/react-progress/-/react-progress-1.1.9.tgz 10183ms (cache miss)
1826 http fetch GET 200 https://package-mirror.liara.ir/repository/npm/@radix-ui/react-presence/-/react-presence-1.1.6.tgz 10224ms (cache miss)
1827 http fetch GET 200 https://package-mirror.liara.ir/repository/npm/@radix-ui/react-separator/-/react-separator-1.1.9.tgz 10244ms (cache miss)
1828 http fetch GET 200 https://package-mirror.liara.ir/repository/npm/@radix-ui/react-switch/-/react-switch-1.3.0.tgz 10247ms (cache miss)
1829 http fetch GET 200 https://package-mirror.liara.ir/repository/npm/@radix-ui/react-popover/-/react-popover-1.1.16.tgz 10248ms (cache miss)
1830 http fetch GET 200 https://package-mirror.liara.ir/repository/npm/@radix-ui/react-radio-group/-/react-radio-group-1.4.0.tgz 10258ms (cache miss)
1831 http fetch GET 200 https://package-mirror.liara.ir/repository/npm/@radix-ui/react-toast/-/react-toast-1.2.16.tgz 10264ms (cache miss)
1832 http fetch GET 200 https://package-mirror.liara.ir/repository/npm/@tailwindcss/oxide-win32-x64-msvc/-/oxide-win32-x64-msvc-4.3.1.tgz 10291ms (cache miss)
1833 http fetch GET 200 https://package-mirror.liara.ir/repository/npm/@radix-ui/react-primitive/-/react-primitive-2.1.5.tgz 10284ms (cache miss)
1834 http fetch GET 200 https://package-mirror.liara.ir/repository/npm/@radix-ui/react-popper/-/react-popper-1.3.0.tgz 10292ms (cache miss)
1835 http fetch GET 200 https://package-mirror.liara.ir/repository/npm/@radix-ui/react-roving-focus/-/react-roving-focus-1.1.12.tgz 10296ms (cache miss)
1836 http fetch GET 200 https://package-mirror.liara.ir/repository/npm/@typescript-eslint/typescript-estree/-/typescript-estree-8.61.0.tgz 10317ms (cache miss)
1837 http fetch GET 200 https://package-mirror.liara.ir/repository/npm/aria-query/-/aria-query-5.3.2.tgz 10361ms (cache miss)
1838 http fetch GET 200 https://package-mirror.liara.ir/repository/npm/@radix-ui/react-id/-/react-id-1.1.2.tgz 10526ms (cache miss)
1839 http fetch GET 200 https://package-mirror.liara.ir/repository/npm/@radix-ui/react-scroll-area/-/react-scroll-area-1.2.11.tgz 10560ms (cache miss)
1840 http fetch GET 200 https://package-mirror.liara.ir/repository/npm/@radix-ui/react-form/-/react-form-0.1.9.tgz 10635ms (cache miss)
1841 http fetch GET 200 https://package-mirror.liara.ir/repository/npm/@radix-ui/react-label/-/react-label-2.1.9.tgz 10637ms (cache miss)
1842 http fetch GET 200 https://package-mirror.liara.ir/repository/npm/@radix-ui/react-menu/-/react-menu-2.1.17.tgz 10637ms (cache miss)
1843 http fetch GET 200 https://package-mirror.liara.ir/repository/npm/@radix-ui/react-one-time-password-field/-/react-one-time-password-field-0.1.9.tgz 10643ms (cache miss)
1844 http fetch GET 200 https://package-mirror.liara.ir/repository/npm/@radix-ui/react-direction/-/react-direction-1.1.2.tgz 10639ms (cache miss)
1845 http fetch GET 200 https://package-mirror.liara.ir/repository/npm/@radix-ui/react-hover-card/-/react-hover-card-1.1.16.tgz 10649ms (cache miss)
1846 http fetch GET 200 https://package-mirror.liara.ir/repository/npm/@radix-ui/react-portal/-/react-portal-1.1.11.tgz 10654ms (cache miss)
1847 http fetch GET 200 https://package-mirror.liara.ir/repository/npm/@radix-ui/react-focus-scope/-/react-focus-scope-1.1.9.tgz 10652ms (cache miss)
1848 http fetch GET 200 https://package-mirror.liara.ir/repository/npm/@radix-ui/react-focus-guards/-/react-focus-guards-1.1.4.tgz 10654ms (cache miss)
1849 http fetch GET 200 https://package-mirror.liara.ir/repository/npm/@radix-ui/react-navigation-menu/-/react-navigation-menu-1.2.15.tgz 10666ms (cache miss)
1850 http fetch GET 200 https://package-mirror.liara.ir/repository/npm/@radix-ui/react-menubar/-/react-menubar-1.1.17.tgz 10667ms (cache miss)
1851 http fetch GET 200 https://package-mirror.liara.ir/repository/npm/@radix-ui/react-dropdown-menu/-/react-dropdown-menu-2.1.17.tgz 10666ms (cache miss)
1852 http fetch GET 200 https://package-mirror.liara.ir/repository/npm/@radix-ui/react-password-toggle-field/-/react-password-toggle-field-0.1.4.tgz 10684ms (cache miss)
1853 http fetch GET 200 https://package-mirror.liara.ir/repository/npm/@radix-ui/react-dismissable-layer/-/react-dismissable-layer-1.1.12.tgz 10684ms (cache miss)
1854 http fetch GET 200 https://package-mirror.liara.ir/repository/npm/@radix-ui/react-compose-refs/-/react-compose-refs-1.1.3.tgz 10702ms (cache miss)
1855 http fetch GET 200 https://package-mirror.liara.ir/repository/npm/@radix-ui/react-context/-/react-context-1.1.4.tgz 10734ms (cache miss)
1856 http fetch GET 200 https://package-mirror.liara.ir/repository/npm/@radix-ui/number/-/number-1.1.2.tgz 10734ms (cache miss)
1857 http fetch GET 200 https://package-mirror.liara.ir/repository/npm/@radix-ui/react-avatar/-/react-avatar-1.1.12.tgz 10767ms (cache miss)
1858 http fetch GET 200 https://package-mirror.liara.ir/repository/npm/@radix-ui/react-collapsible/-/react-collapsible-1.1.13.tgz 10781ms (cache miss)
1859 http fetch GET 200 https://package-mirror.liara.ir/repository/npm/@nolyfill/is-core-module/-/is-core-module-1.0.39.tgz 10806ms (cache miss)
1860 http fetch GET 200 https://package-mirror.liara.ir/repository/npm/@nodelib/fs.walk/-/fs.walk-1.2.8.tgz 10809ms (cache miss)
1861 http fetch GET 200 https://package-mirror.liara.ir/repository/npm/@radix-ui/react-arrow/-/react-arrow-1.1.9.tgz 10812ms (cache miss)
1862 http fetch GET 200 https://package-mirror.liara.ir/repository/npm/@nodelib/fs.scandir/-/fs.scandir-2.1.5.tgz 10826ms (cache miss)
1863 http fetch GET 200 https://package-mirror.liara.ir/repository/npm/@nodelib/fs.stat/-/fs.stat-2.0.5.tgz 10844ms (cache miss)
1864 http fetch GET 200 https://package-mirror.liara.ir/repository/npm/@ts-morph/common/-/common-0.27.0.tgz 10919ms (cache miss)
1865 http fetch GET 200 https://package-mirror.liara.ir/repository/npm/@jridgewell/sourcemap-codec/-/sourcemap-codec-1.5.5.tgz 10957ms (cache miss)
1866 http fetch GET 200 https://package-mirror.liara.ir/repository/npm/@jridgewell/resolve-uri/-/resolve-uri-3.1.2.tgz 10959ms (cache miss)
1867 http fetch GET 200 https://package-mirror.liara.ir/repository/npm/@humanwhocodes/retry/-/retry-0.4.3.tgz 11018ms (cache miss)
1868 http fetch GET 200 https://package-mirror.liara.ir/repository/npm/@humanwhocodes/module-importer/-/module-importer-1.0.1.tgz 11024ms (cache miss)
1869 http fetch GET 200 https://package-mirror.liara.ir/repository/npm/@jridgewell/remapping/-/remapping-2.3.5.tgz 11036ms (cache miss)
1870 http fetch GET 200 https://package-mirror.liara.ir/repository/npm/@humanfs/types/-/types-0.15.0.tgz 11035ms (cache miss)
1871 http fetch GET 200 https://package-mirror.liara.ir/repository/npm/@swc/helpers/-/helpers-0.5.15.tgz 11087ms (cache miss)
1872 http fetch GET 200 https://package-mirror.liara.ir/repository/npm/@jridgewell/gen-mapping/-/gen-mapping-0.3.13.tgz 11080ms (cache miss)
1873 http fetch GET 200 https://package-mirror.liara.ir/repository/npm/@jridgewell/trace-mapping/-/trace-mapping-0.3.31.tgz 11096ms (cache miss)
1874 http fetch GET 200 https://package-mirror.liara.ir/repository/npm/@typescript-eslint/scope-manager/-/scope-manager-8.61.0.tgz 11179ms (cache miss)
1875 http fetch GET 200 https://package-mirror.liara.ir/repository/npm/@humanfs/core/-/core-0.19.2.tgz 11167ms (cache miss)
1876 http fetch GET 200 https://package-mirror.liara.ir/repository/npm/@humanfs/node/-/node-0.16.8.tgz 11177ms (cache miss)
1877 http fetch GET 200 https://package-mirror.liara.ir/repository/npm/@radix-ui/react-accordion/-/react-accordion-1.2.13.tgz 11247ms (cache miss)
1878 http fetch GET 200 https://package-mirror.liara.ir/repository/npm/@radix-ui/react-aspect-ratio/-/react-aspect-ratio-1.1.9.tgz 11259ms (cache miss)
1879 http fetch GET 200 https://package-mirror.liara.ir/repository/npm/@eslint/js/-/js-9.39.4.tgz 11257ms (cache miss)
1880 http fetch GET 200 https://package-mirror.liara.ir/repository/npm/@floating-ui/react-dom/-/react-dom-2.1.8.tgz 11311ms (cache miss)
1881 http fetch GET 200 https://package-mirror.liara.ir/repository/npm/@radix-ui/react-checkbox/-/react-checkbox-1.3.4.tgz 11341ms (cache miss)
1882 http fetch GET 200 https://package-mirror.liara.ir/repository/npm/@eslint/plugin-kit/-/plugin-kit-0.4.1.tgz 11326ms (cache miss)
1883 http fetch GET 200 https://package-mirror.liara.ir/repository/npm/@noble/ciphers/-/ciphers-1.3.0.tgz 11403ms (cache miss)
1884 http fetch GET 200 https://package-mirror.liara.ir/repository/npm/@eslint/core/-/core-0.17.0.tgz 11424ms (cache miss)
1885 http fetch GET 200 https://package-mirror.liara.ir/repository/npm/@radix-ui/primitive/-/primitive-1.1.4.tgz 11448ms (cache miss)
1886 http fetch GET 200 https://package-mirror.liara.ir/repository/npm/@eslint/object-schema/-/object-schema-2.1.7.tgz 11442ms (cache miss)
1887 http fetch GET 200 https://package-mirror.liara.ir/repository/npm/@eslint/config-helpers/-/config-helpers-0.4.2.tgz 11452ms (cache miss)
1888 http fetch GET 200 https://package-mirror.liara.ir/repository/npm/@hono/node-server/-/node-server-1.19.14.tgz 11460ms (cache miss)
1889 http fetch GET 200 https://package-mirror.liara.ir/repository/npm/@eslint-community/regexpp/-/regexpp-4.12.2.tgz 11468ms (cache miss)
1890 http fetch GET 200 https://package-mirror.liara.ir/repository/npm/@eslint/eslintrc/-/eslintrc-3.3.5.tgz 11477ms (cache miss)
1891 http fetch GET 200 https://package-mirror.liara.ir/repository/npm/@floating-ui/utils/-/utils-0.2.11.tgz 11524ms (cache miss)
1892 http fetch GET 200 https://package-mirror.liara.ir/repository/npm/@radix-ui/react-accessible-icon/-/react-accessible-icon-1.1.9.tgz 11573ms (cache miss)
1893 http fetch GET 200 https://package-mirror.liara.ir/repository/npm/@radix-ui/react-dialog/-/react-dialog-1.1.16.tgz 11588ms (cache miss)
1894 http fetch GET 200 https://package-mirror.liara.ir/repository/npm/@floating-ui/core/-/core-1.7.5.tgz 11565ms (cache miss)
1895 http fetch GET 200 https://package-mirror.liara.ir/repository/npm/@noble/hashes/-/hashes-1.8.0.tgz 11637ms (cache miss)
1896 http fetch GET 200 https://package-mirror.liara.ir/repository/npm/@radix-ui/react-context-menu/-/react-context-menu-2.3.0.tgz 11730ms (cache miss)
1897 http fetch GET 200 https://package-mirror.liara.ir/repository/npm/@eslint/config-array/-/config-array-0.21.2.tgz 11701ms (cache miss)
1898 http fetch GET 200 https://package-mirror.liara.ir/repository/npm/@floating-ui/dom/-/dom-1.7.6.tgz 11735ms (cache miss)
1899 http fetch GET 200 https://package-mirror.liara.ir/repository/npm/@eslint-community/eslint-utils/-/eslint-utils-4.9.1.tgz 11731ms (cache miss)
1900 http fetch GET 200 https://package-mirror.liara.ir/repository/npm/@babel/plugin-transform-modules-commonjs/-/plugin-transform-modules-commonjs-7.29.7.tgz 11844ms (cache miss)
1901 http fetch GET 200 https://package-mirror.liara.ir/repository/npm/@babel/template/-/template-7.29.7.tgz 11850ms (cache miss)
1902 http fetch GET 200 https://package-mirror.liara.ir/repository/npm/@ecies/ciphers/-/ciphers-0.2.6.tgz 11856ms (cache miss)
1903 http fetch GET 200 https://package-mirror.liara.ir/repository/npm/@typescript-eslint/eslint-plugin/-/eslint-plugin-8.61.0.tgz 12034ms (cache miss)
1904 http fetch GET 200 https://package-mirror.liara.ir/repository/npm/@babel/plugin-syntax-typescript/-/plugin-syntax-typescript-7.29.7.tgz 12007ms (cache miss)
1905 http fetch GET 200 https://package-mirror.liara.ir/repository/npm/@babel/plugin-syntax-jsx/-/plugin-syntax-jsx-7.29.7.tgz 12031ms (cache miss)
1906 http fetch GET 200 https://package-mirror.liara.ir/repository/npm/@babel/helper-skip-transparent-expression-wrappers/-/helper-skip-transparent-expression-wrappers-7.29.7.tgz 12029ms (cache miss)
1907 http fetch GET 200 https://package-mirror.liara.ir/repository/npm/@babel/helper-string-parser/-/helper-string-parser-7.29.7.tgz 12042ms (cache miss)
1908 http fetch GET 200 https://package-mirror.liara.ir/repository/npm/@babel/helper-validator-option/-/helper-validator-option-7.29.7.tgz 12052ms (cache miss)
1909 http fetch GET 200 https://package-mirror.liara.ir/repository/npm/@babel/helper-validator-identifier/-/helper-validator-identifier-7.29.7.tgz 12065ms (cache miss)
1910 http fetch GET 200 https://package-mirror.liara.ir/repository/npm/@radix-ui/react-alert-dialog/-/react-alert-dialog-1.1.16.tgz 12114ms (cache miss)
1911 http fetch GET 200 https://package-mirror.liara.ir/repository/npm/@babel/helper-replace-supers/-/helper-replace-supers-7.29.7.tgz 12120ms (cache miss)
1912 http fetch GET 200 https://package-mirror.liara.ir/repository/npm/@babel/helper-annotate-as-pure/-/helper-annotate-as-pure-7.29.7.tgz 12140ms (cache miss)
1913 http fetch GET 200 https://package-mirror.liara.ir/repository/npm/@babel/helper-optimise-call-expression/-/helper-optimise-call-expression-7.29.7.tgz 12147ms (cache miss)
1914 http fetch GET 200 https://package-mirror.liara.ir/repository/npm/@babel/helper-plugin-utils/-/helper-plugin-utils-7.29.7.tgz 12150ms (cache miss)
1915 http fetch GET 200 https://package-mirror.liara.ir/repository/npm/@babel/helper-member-expression-to-functions/-/helper-member-expression-to-functions-7.29.7.tgz 12152ms (cache miss)
1916 http fetch GET 200 https://package-mirror.liara.ir/repository/npm/@babel/helper-globals/-/helper-globals-7.29.7.tgz 12154ms (cache miss)
1917 http fetch GET 200 https://package-mirror.liara.ir/repository/npm/@babel/plugin-transform-typescript/-/plugin-transform-typescript-7.29.7.tgz 12164ms (cache miss)
1918 http fetch GET 200 https://package-mirror.liara.ir/repository/npm/@radix-ui/react-collection/-/react-collection-1.1.9.tgz 12221ms (cache miss)
1919 http fetch GET 200 https://package-mirror.liara.ir/repository/npm/@babel/code-frame/-/code-frame-7.29.7.tgz 12182ms (cache miss)
1920 http fetch GET 200 https://package-mirror.liara.ir/repository/npm/@babel/helper-module-imports/-/helper-module-imports-7.29.7.tgz 12191ms (cache miss)
1921 http fetch GET 200 https://package-mirror.liara.ir/repository/npm/@noble/curves/-/curves-1.9.7.tgz 12225ms (cache miss)
1922 http fetch GET 200 https://package-mirror.liara.ir/repository/npm/@babel/compat-data/-/compat-data-7.29.7.tgz 12210ms (cache miss)
1923 http fetch GET 200 https://package-mirror.liara.ir/repository/npm/@babel/helper-compilation-targets/-/helper-compilation-targets-7.29.7.tgz 12224ms (cache miss)
1924 http fetch GET 200 https://package-mirror.liara.ir/repository/npm/@babel/helper-module-transforms/-/helper-module-transforms-7.29.7.tgz 12242ms (cache miss)
1925 http fetch GET 200 https://package-mirror.liara.ir/repository/npm/@alloc/quick-lru/-/quick-lru-5.2.0.tgz 12242ms (cache miss)
1926 http fetch GET 200 https://package-mirror.liara.ir/repository/npm/@babel/parser/-/parser-7.29.7.tgz 12269ms (cache miss)
1927 http fetch GET 200 https://package-mirror.liara.ir/repository/npm/fdir/-/fdir-6.5.0.tgz 12261ms (cache miss)
1928 http fetch GET 200 https://package-mirror.liara.ir/repository/npm/@babel/helper-create-class-features-plugin/-/helper-create-class-features-plugin-7.29.7.tgz 12280ms (cache miss)
1929 http fetch GET 200 https://package-mirror.liara.ir/repository/npm/@babel/preset-typescript/-/preset-typescript-7.29.7.tgz 12281ms (cache miss)
1930 http fetch GET 200 https://package-mirror.liara.ir/repository/npm/picomatch/-/picomatch-4.0.4.tgz 12283ms (cache miss)
1931 http fetch GET 200 https://package-mirror.liara.ir/repository/npm/json5/-/json5-1.0.2.tgz 12288ms (cache miss)
1932 http fetch GET 200 https://package-mirror.liara.ir/repository/npm/content-type/-/content-type-2.0.0.tgz 12288ms (cache miss)
1933 http fetch GET 200 https://package-mirror.liara.ir/repository/npm/glob-parent/-/glob-parent-5.1.2.tgz 12296ms (cache miss)
1934 http fetch GET 200 https://package-mirror.liara.ir/repository/npm/@babel/traverse/-/traverse-7.29.7.tgz 12327ms (cache miss)
1935 http fetch GET 200 https://package-mirror.liara.ir/repository/npm/emoji-regex/-/emoji-regex-10.6.0.tgz 12327ms (cache miss)
1936 http fetch GET 200 https://package-mirror.liara.ir/repository/npm/mime-types/-/mime-types-2.1.35.tgz 12347ms (cache miss)
1937 http fetch GET 200 https://package-mirror.liara.ir/repository/npm/kleur/-/kleur-3.0.3.tgz 12355ms (cache miss)
1938 http fetch GET 200 https://package-mirror.liara.ir/repository/npm/chalk/-/chalk-5.6.2.tgz 12376ms (cache miss)
1939 http fetch GET 200 https://package-mirror.liara.ir/repository/npm/is-unicode-supported/-/is-unicode-supported-1.3.0.tgz 12388ms (cache miss)
1940 http fetch GET 200 https://package-mirror.liara.ir/repository/npm/path-key/-/path-key-4.0.0.tgz 12393ms (cache miss)
1941 http fetch GET 200 https://package-mirror.liara.ir/repository/npm/chalk/-/chalk-5.6.2.tgz 12404ms (cache miss)
1942 http fetch GET 200 https://package-mirror.liara.ir/repository/npm/debug/-/debug-3.2.7.tgz 12410ms (cache miss)
1943 http fetch GET 200 https://package-mirror.liara.ir/repository/npm/mime-db/-/mime-db-1.52.0.tgz 12416ms (cache miss)
1944 http fetch GET 200 https://package-mirror.liara.ir/repository/npm/debug/-/debug-3.2.7.tgz 12420ms (cache miss)
1945 http fetch GET 200 https://package-mirror.liara.ir/repository/npm/debug/-/debug-3.2.7.tgz 12532ms (cache miss)
1946 http fetch GET 200 https://package-mirror.liara.ir/repository/npm/globals/-/globals-16.4.0.tgz 12532ms (cache miss)
1947 http fetch GET 200 https://package-mirror.liara.ir/repository/npm/strip-ansi/-/strip-ansi-7.2.0.tgz 12556ms (cache miss)
1948 http fetch GET 200 https://package-mirror.liara.ir/repository/npm/strip-ansi/-/strip-ansi-7.2.0.tgz 12558ms (cache miss)
1949 http fetch GET 200 https://package-mirror.liara.ir/repository/npm/glob-parent/-/glob-parent-5.1.2.tgz 12550ms (cache miss)
1950 http fetch GET 200 https://package-mirror.liara.ir/repository/npm/ansi-regex/-/ansi-regex-6.2.2.tgz 12571ms (cache miss)
1951 http fetch GET 200 https://package-mirror.liara.ir/repository/npm/ansi-regex/-/ansi-regex-6.2.2.tgz 12570ms (cache miss)
1952 http fetch GET 200 https://package-mirror.liara.ir/repository/npm/@babel/generator/-/generator-7.29.7.tgz 12586ms (cache miss)
1953 http fetch GET 200 https://package-mirror.liara.ir/repository/npm/https-proxy-agent/-/https-proxy-agent-5.0.1.tgz 12576ms (cache miss)
1954 http fetch GET 200 https://package-mirror.liara.ir/repository/npm/eslint-visitor-keys/-/eslint-visitor-keys-5.0.1.tgz 12575ms (cache miss)
1955 http fetch GET 200 https://package-mirror.liara.ir/repository/npm/json-schema-traverse/-/json-schema-traverse-1.0.0.tgz 12587ms (cache miss)
1956 http fetch GET 200 https://package-mirror.liara.ir/repository/npm/agent-base/-/agent-base-6.0.2.tgz 12589ms (cache miss)
1957 http fetch GET 200 https://package-mirror.liara.ir/repository/npm/@dotenvx/dotenvx/-/dotenvx-1.71.3.tgz 12682ms (cache miss)
1958 http fetch GET 200 https://package-mirror.liara.ir/repository/npm/balanced-match/-/balanced-match-4.0.4.tgz 12667ms (cache miss)
1959 http fetch GET 200 https://package-mirror.liara.ir/repository/npm/brace-expansion/-/brace-expansion-5.0.6.tgz 12681ms (cache miss)
1960 http fetch GET 200 https://package-mirror.liara.ir/repository/npm/fast-glob/-/fast-glob-3.3.3.tgz 12718ms (cache miss)
1961 http fetch GET 200 https://package-mirror.liara.ir/repository/npm/json-schema-traverse/-/json-schema-traverse-1.0.0.tgz 12736ms (cache miss)
1962 http fetch GET 200 https://package-mirror.liara.ir/repository/npm/eslint-visitor-keys/-/eslint-visitor-keys-3.4.3.tgz 12770ms (cache miss)
1963 http fetch GET 200 https://package-mirror.liara.ir/repository/npm/semver/-/semver-7.8.4.tgz 12796ms (cache miss)
1964 http fetch GET 200 https://package-mirror.liara.ir/repository/npm/ignore/-/ignore-7.0.5.tgz 12804ms (cache miss)
1965 http fetch GET 200 https://package-mirror.liara.ir/repository/npm/semver/-/semver-7.8.4.tgz 12808ms (cache miss)
1966 http fetch GET 200 https://package-mirror.liara.ir/repository/npm/picomatch/-/picomatch-4.0.4.tgz 12822ms (cache miss)
1967 http fetch GET 200 https://package-mirror.liara.ir/repository/npm/balanced-match/-/balanced-match-4.0.4.tgz 12836ms (cache miss)
1968 http fetch GET 200 https://package-mirror.liara.ir/repository/npm/brace-expansion/-/brace-expansion-5.0.6.tgz 12836ms (cache miss)
1969 http fetch GET 200 https://package-mirror.liara.ir/repository/npm/tsconfig-paths/-/tsconfig-paths-4.2.0.tgz 12892ms (cache miss)
1970 http fetch GET 200 https://package-mirror.liara.ir/repository/npm/onetime/-/onetime-5.1.2.tgz 12881ms (cache miss)
1971 http fetch GET 200 https://package-mirror.liara.ir/repository/npm/minimatch/-/minimatch-10.2.5.tgz 12891ms (cache miss)
1972 http fetch GET 200 https://package-mirror.liara.ir/repository/npm/is-stream/-/is-stream-2.0.1.tgz 12907ms (cache miss)
1973 http fetch GET 200 https://package-mirror.liara.ir/repository/npm/signal-exit/-/signal-exit-3.0.7.tgz 12929ms (cache miss)
1974 http fetch GET 200 https://package-mirror.liara.ir/repository/npm/npm-run-path/-/npm-run-path-4.0.1.tgz 12931ms (cache miss)
1975 http fetch GET 200 https://package-mirror.liara.ir/repository/npm/strip-final-newline/-/strip-final-newline-2.0.0.tgz 12956ms (cache miss)
1976 http fetch GET 200 https://package-mirror.liara.ir/repository/npm/get-stream/-/get-stream-6.0.1.tgz 12963ms (cache miss)
1977 http fetch GET 200 https://package-mirror.liara.ir/repository/npm/fdir/-/fdir-6.5.0.tgz 12983ms (cache miss)
1978 http fetch GET 200 https://package-mirror.liara.ir/repository/npm/minimatch/-/minimatch-10.2.5.tgz 12999ms (cache miss)
1979 http fetch GET 200 https://package-mirror.liara.ir/repository/npm/human-signals/-/human-signals-2.1.0.tgz 13021ms (cache miss)
1980 http fetch GET 200 https://package-mirror.liara.ir/repository/npm/fast-glob/-/fast-glob-3.3.3.tgz 13033ms (cache miss)
1981 http fetch GET 200 https://package-mirror.liara.ir/repository/npm/commander/-/commander-11.1.0.tgz 13032ms (cache miss)
1982 http fetch GET 200 https://package-mirror.liara.ir/repository/npm/execa/-/execa-5.1.1.tgz 13038ms (cache miss)
1983 http fetch GET 200 https://package-mirror.liara.ir/repository/npm/@babel/core/-/core-7.29.7.tgz 13138ms (cache miss)
1984 http fetch GET 200 https://package-mirror.liara.ir/repository/npm/isexe/-/isexe-3.1.5.tgz 13120ms (cache miss)
1985 http fetch GET 200 https://package-mirror.liara.ir/repository/npm/caniuse-lite/-/caniuse-lite-1.0.30001799.tgz 13275ms (cache miss)
1986 http fetch GET 200 https://package-mirror.liara.ir/repository/npm/@babel/types/-/types-7.29.7.tgz 13224ms (cache miss)
1987 http fetch GET 200 https://package-mirror.liara.ir/repository/npm/@babel/helpers/-/helpers-7.29.7.tgz 13310ms (cache miss)
1988 http fetch GET 200 https://package-mirror.liara.ir/repository/npm/@hookform/resolvers/-/resolvers-5.4.0.tgz 13375ms (cache miss)
1989 http fetch GET 200 https://package-mirror.liara.ir/repository/npm/which/-/which-4.0.0.tgz 13383ms (cache miss)
1990 http fetch GET 200 https://package-mirror.liara.ir/repository/npm/ajv/-/ajv-8.20.0.tgz 14176ms (cache miss)
1991 http fetch GET 200 https://package-mirror.liara.ir/repository/npm/ajv/-/ajv-8.20.0.tgz 14238ms (cache miss)
1992 http fetch GET 200 https://package-mirror.liara.ir/repository/npm/zod/-/zod-3.25.76.tgz 14422ms (cache miss)
1993 http fetch GET 200 https://package-mirror.liara.ir/repository/npm/@modelcontextprotocol/sdk/-/sdk-1.29.0.tgz 14472ms (cache miss)
1994 http fetch GET 200 https://package-mirror.liara.ir/repository/npm/es-abstract/-/es-abstract-1.24.2.tgz 15237ms (cache miss)
1995 http fetch GET 200 https://package-mirror.liara.ir/repository/npm/date-fns-jalali/-/date-fns-jalali-4.4.0-0.tgz 15667ms (cache miss)
1996 http fetch GET 200 https://package-mirror.liara.ir/repository/npm/lucide-react/-/lucide-react-1.21.0.tgz 16030ms (cache miss)
1997 http fetch GET 200 https://registry.npmjs.org/@next/swc-win32-x64-msvc/-/swc-win32-x64-msvc-16.3.0.tgz 16004ms (cache miss)
1998 http fetch GET 200 https://package-mirror.liara.ir/repository/npm/date-fns/-/date-fns-4.4.0.tgz 18478ms (cache miss)
1999 http fetch GET 200 https://registry.npmjs.org/next/-/next-16.3.0.tgz 41881ms (cache miss)
2000 silly ADD node_modules/zustand
2001 silly ADD node_modules/zod-validation-error
2002 silly ADD node_modules/zod-to-json-schema
2003 silly ADD node_modules/zod
2004 silly ADD node_modules/yoctocolors
2005 silly ADD node_modules/yocto-spinner
2006 silly ADD node_modules/yocto-queue
2007 silly ADD node_modules/yallist
2008 silly ADD node_modules/wsl-utils
2009 silly ADD node_modules/wrappy
2010 silly ADD node_modules/word-wrap
2011 silly ADD node_modules/which-typed-array
2012 silly ADD node_modules/which-collection
2013 silly ADD node_modules/which-builtin-type
2014 silly ADD node_modules/which-boxed-primitive
2015 silly ADD node_modules/which
2016 silly ADD node_modules/vary
2017 silly ADD node_modules/validate-npm-package-name
2018 silly ADD node_modules/util-deprecate
2019 silly ADD node_modules/use-sidecar
2020 silly ADD node_modules/use-callback-ref
2021 silly ADD node_modules/uri-js
2022 silly ADD node_modules/update-browserslist-db
2023 silly ADD node_modules/unrs-resolver
2024 silly ADD node_modules/unpipe
2025 silly ADD node_modules/universalify
2026 silly ADD node_modules/unicorn-magic
2027 silly ADD node_modules/undici-types
2028 silly ADD node_modules/undici
2029 silly ADD node_modules/unbox-primitive
2030 silly ADD node_modules/typescript-eslint
2031 silly ADD node_modules/typescript
2032 silly ADD node_modules/typed-array-length
2033 silly ADD node_modules/typed-array-byte-offset
2034 silly ADD node_modules/typed-array-byte-length
2035 silly ADD node_modules/typed-array-buffer
2036 silly ADD node_modules/type-is
2037 silly ADD node_modules/type-is/node_modules/content-type
2038 silly ADD node_modules/type-check
2039 silly ADD node_modules/tw-animate-css
2040 silly ADD node_modules/tslib
2041 silly ADD node_modules/tsconfig-paths
2042 silly ADD node_modules/tsconfig-paths/node_modules/json5
2043 silly ADD node_modules/ts-morph
2044 silly ADD node_modules/ts-api-utils
2045 silly ADD node_modules/toidentifier
2046 silly ADD node_modules/to-regex-range
2047 silly ADD node_modules/tinyglobby
2048 silly ADD node_modules/tinyglobby/node_modules/picomatch
2049 silly ADD node_modules/tinyglobby/node_modules/fdir
2050 silly ADD node_modules/tiny-invariant
2051 silly ADD node_modules/tapable
2052 silly ADD node_modules/tailwindcss
2053 silly ADD node_modules/tailwind-merge
2054 silly ADD node_modules/supports-preserve-symlinks-flag
2055 silly ADD node_modules/supports-color
2056 silly ADD node_modules/styled-jsx
2057 silly ADD node_modules/strip-json-comments
2058 silly ADD node_modules/strip-final-newline
2059 silly ADD node_modules/strip-bom
2060 silly ADD node_modules/strip-ansi
2061 silly ADD node_modules/stringify-object
2062 silly ADD node_modules/string.prototype.trimstart
2063 silly ADD node_modules/string.prototype.trimend
2064 silly ADD node_modules/string.prototype.trim
2065 silly ADD node_modules/string.prototype.repeat
2066 silly ADD node_modules/string.prototype.matchall
2067 silly ADD node_modules/string.prototype.includes
2068 silly ADD node_modules/string-width
2069 silly ADD node_modules/string-width/node_modules/strip-ansi
2070 silly ADD node_modules/string-width/node_modules/emoji-regex
2071 silly ADD node_modules/string-width/node_modules/ansi-regex
2072 silly ADD node_modules/stop-iteration-iterator
2073 silly ADD node_modules/stdin-discarder
2074 silly ADD node_modules/statuses
2075 silly ADD node_modules/stable-hash
2076 silly ADD node_modules/source-map-js
2077 silly ADD node_modules/source-map
2078 silly ADD node_modules/sonner
2079 silly ADD node_modules/socks
2080 silly ADD node_modules/smart-buffer
2081 silly ADD node_modules/sisteransi
2082 silly ADD node_modules/signal-exit
2083 silly ADD node_modules/side-channel-weakmap
2084 silly ADD node_modules/side-channel-map
2085 silly ADD node_modules/side-channel-list
2086 silly ADD node_modules/side-channel
2087 silly ADD node_modules/shebang-regex
2088 silly ADD node_modules/shebang-command
2089 silly ADD node_modules/sharp
2090 silly ADD node_modules/sharp/node_modules/semver
2091 silly ADD node_modules/shadcn
2092 silly ADD node_modules/shadcn/node_modules/zod
2093 silly ADD node_modules/shadcn/node_modules/tsconfig-paths
2094 silly ADD node_modules/shadcn/node_modules/glob-parent
2095 silly ADD node_modules/shadcn/node_modules/fast-glob
2096 silly ADD node_modules/setprototypeof
2097 silly ADD node_modules/set-proto
2098 silly ADD node_modules/set-function-name
2099 silly ADD node_modules/set-function-length
2100 silly ADD node_modules/serve-static
2101 silly ADD node_modules/send
2102 silly ADD node_modules/semver
2103 silly ADD node_modules/scheduler
2104 silly ADD node_modules/safer-buffer
2105 silly ADD node_modules/safe-regex-test
2106 silly ADD node_modules/safe-push-apply
2107 silly ADD node_modules/safe-array-concat
2108 silly ADD node_modules/run-parallel
2109 silly ADD node_modules/run-applescript
2110 silly ADD node_modules/router
2111 silly ADD node_modules/reusify
2112 silly ADD node_modules/restore-cursor
2113 silly ADD node_modules/resolve-pkg-maps
2114 silly ADD node_modules/resolve-from
2115 silly ADD node_modules/resolve
2116 silly ADD node_modules/require-from-string
2117 silly ADD node_modules/regexp.prototype.flags
2118 silly ADD node_modules/reflect.getprototypeof
2119 silly ADD node_modules/recast
2120 silly ADD node_modules/react-style-singleton
2121 silly ADD node_modules/react-remove-scroll-bar
2122 silly ADD node_modules/react-remove-scroll
2123 silly ADD node_modules/react-is
2124 silly ADD node_modules/react-hook-form
2125 silly ADD node_modules/react-easy-crop
2126 silly ADD node_modules/react-dom
2127 silly ADD node_modules/react
2128 silly ADD node_modules/raw-body
2129 silly ADD node_modules/range-parser
2130 silly ADD node_modules/radix-ui
2131 silly ADD node_modules/queue-microtask
2132 silly ADD node_modules/qs
2133 silly ADD node_modules/punycode
2134 silly ADD node_modules/proxy-from-env
2135 silly ADD node_modules/proxy-addr
2136 silly ADD node_modules/prop-types
2137 silly ADD node_modules/prompts
2138 silly ADD node_modules/prompts/node_modules/kleur
2139 silly ADD node_modules/pretty-ms
2140 silly ADD node_modules/prelude-ls
2141 silly ADD node_modules/powershell-utils
2142 silly ADD node_modules/postcss-selector-parser
2143 silly ADD node_modules/postcss
2144 silly ADD node_modules/possible-typed-array-names
2145 silly ADD node_modules/pkce-challenge
2146 silly ADD node_modules/picomatch
2147 silly ADD node_modules/picocolors
2148 silly ADD node_modules/path-to-regexp
2149 silly ADD node_modules/path-parse
2150 silly ADD node_modules/path-key
2151 silly ADD node_modules/path-exists
2152 silly ADD node_modules/path-browserify
2153 silly ADD node_modules/parseurl
2154 silly ADD node_modules/parse-ms
2155 silly ADD node_modules/parse-json
2156 silly ADD node_modules/parent-module
2157 silly ADD node_modules/p-locate
2158 silly ADD node_modules/p-limit
2159 silly ADD node_modules/own-keys
2160 silly ADD node_modules/ora
2161 silly ADD node_modules/ora/node_modules/strip-ansi
2162 silly ADD node_modules/ora/node_modules/chalk
2163 silly ADD node_modules/ora/node_modules/ansi-regex
2164 silly ADD node_modules/optionator
2165 silly ADD node_modules/open
2166 silly ADD node_modules/onetime
2167 silly ADD node_modules/once
2168 silly ADD node_modules/on-finished
2169 silly ADD node_modules/object.values
2170 silly ADD node_modules/object.groupby
2171 silly ADD node_modules/object.fromentries
2172 silly ADD node_modules/object.entries
2173 silly ADD node_modules/object.assign
2174 silly ADD node_modules/object-treeify
2175 silly ADD node_modules/object-keys
2176 silly ADD node_modules/object-inspect
2177 silly ADD node_modules/object-assign
2178 silly ADD node_modules/npm-run-path
2179 silly ADD node_modules/npm-run-path/node_modules/path-key
2180 silly ADD node_modules/normalize-wheel
2181 silly ADD node_modules/node-releases
2182 silly ADD node_modules/node-exports-info
2183 silly ADD node_modules/next-themes
2184 silly ADD node_modules/next
2185 silly ADD node_modules/next/node_modules/postcss
2186 silly ADD node_modules/negotiator
2187 silly ADD node_modules/natural-compare
2188 silly ADD node_modules/napi-postinstall
2189 silly ADD node_modules/nanoid
2190 silly ADD node_modules/ms
2191 silly ADD node_modules/motion-utils
2192 silly ADD node_modules/motion-dom
2193 silly ADD node_modules/minimist
2194 silly ADD node_modules/minimatch
2195 silly ADD node_modules/mimic-function
2196 silly ADD node_modules/mimic-fn
2197 silly ADD node_modules/mime-types
2198 silly ADD node_modules/mime-db
2199 silly ADD node_modules/micromatch
2200 silly ADD node_modules/merge2
2201 silly ADD node_modules/merge-stream
2202 silly ADD node_modules/merge-descriptors
2203 silly ADD node_modules/media-typer
2204 silly ADD node_modules/math-intrinsics
2205 silly ADD node_modules/magic-string
2206 silly ADD node_modules/lucide-react
2207 silly ADD node_modules/lru-cache
2208 silly ADD node_modules/loose-envify
2209 silly ADD node_modules/log-symbols
2210 silly ADD node_modules/log-symbols/node_modules/is-unicode-supported
2211 silly ADD node_modules/log-symbols/node_modules/chalk
2212 silly ADD node_modules/lodash.merge
2213 silly ADD node_modules/locate-path
2214 silly ADD node_modules/lines-and-columns
2215 silly ADD node_modules/lightningcss-win32-x64-msvc
2216 silly ADD node_modules/lightningcss
2217 silly ADD node_modules/levn
2218 silly ADD node_modules/language-tags
2219 silly ADD node_modules/language-subtag-registry
2220 silly ADD node_modules/kleur
2221 silly ADD node_modules/keyv
2222 silly ADD node_modules/jsx-ast-utils
2223 silly ADD node_modules/jsonfile
2224 silly ADD node_modules/json5
2225 silly ADD node_modules/json-stable-stringify-without-jsonify
2226 silly ADD node_modules/json-schema-typed
2227 silly ADD node_modules/json-schema-traverse
2228 silly ADD node_modules/json-parse-even-better-errors
2229 silly ADD node_modules/json-buffer
2230 silly ADD node_modules/jsesc
2231 silly ADD node_modules/js-yaml
2232 silly ADD node_modules/js-tokens
2233 silly ADD node_modules/jose
2234 silly ADD node_modules/jiti
2235 silly ADD node_modules/iterator.prototype
2236 silly ADD node_modules/isexe
2237 silly ADD node_modules/isarray
2238 silly ADD node_modules/is-wsl
2239 silly ADD node_modules/is-weakset
2240 silly ADD node_modules/is-weakref
2241 silly ADD node_modules/is-weakmap
2242 silly ADD node_modules/is-unicode-supported
2243 silly ADD node_modules/is-typed-array
2244 silly ADD node_modules/is-symbol
2245 silly ADD node_modules/is-string
2246 silly ADD node_modules/is-stream
2247 silly ADD node_modules/is-shared-array-buffer
2248 silly ADD node_modules/is-set
2249 silly ADD node_modules/is-regexp
2250 silly ADD node_modules/is-regex
2251 silly ADD node_modules/is-promise
2252 silly ADD node_modules/is-plain-obj
2253 silly ADD node_modules/is-obj
2254 silly ADD node_modules/is-number-object
2255 silly ADD node_modules/is-number
2256 silly ADD node_modules/is-negative-zero
2257 silly ADD node_modules/is-map
2258 silly ADD node_modules/is-interactive
2259 silly ADD node_modules/is-inside-container
2260 silly ADD node_modules/is-in-ssh
2261 silly ADD node_modules/is-glob
2262 silly ADD node_modules/is-generator-function
2263 silly ADD node_modules/is-finalizationregistry
2264 silly ADD node_modules/is-extglob
2265 silly ADD node_modules/is-docker
2266 silly ADD node_modules/is-date-object
2267 silly ADD node_modules/is-data-view
2268 silly ADD node_modules/is-core-module
2269 silly ADD node_modules/is-callable
2270 silly ADD node_modules/is-bun-module
2271 silly ADD node_modules/is-bun-module/node_modules/semver
2272 silly ADD node_modules/is-boolean-object
2273 silly ADD node_modules/is-bigint
2274 silly ADD node_modules/is-async-function
2275 silly ADD node_modules/is-arrayish
2276 silly ADD node_modules/is-array-buffer
2277 silly ADD node_modules/ipaddr.js
2278 silly ADD node_modules/ip-address
2279 silly ADD node_modules/internal-slot
2280 silly ADD node_modules/inherits
2281 silly ADD node_modules/imurmurhash
2282 silly ADD node_modules/import-fresh
2283 silly ADD node_modules/ignore
2284 silly ADD node_modules/iconv-lite
2285 silly ADD node_modules/human-signals
2286 silly ADD node_modules/http-errors
2287 silly ADD node_modules/hono
2288 silly ADD node_modules/hermes-parser
2289 silly ADD node_modules/hermes-estree
2290 silly ADD node_modules/hasown
2291 silly ADD node_modules/has-tostringtag
2292 silly ADD node_modules/has-symbols
2293 silly ADD node_modules/has-proto
2294 silly ADD node_modules/has-property-descriptors
2295 silly ADD node_modules/has-flag
2296 silly ADD node_modules/has-bigints
2297 silly ADD node_modules/graceful-fs
2298 silly ADD node_modules/gopd
2299 silly ADD node_modules/globalthis
2300 silly ADD node_modules/globals
2301 silly ADD node_modules/glob-parent
2302 silly ADD node_modules/get-tsconfig
2303 silly ADD node_modules/get-symbol-description
2304 silly ADD node_modules/get-stream
2305 silly ADD node_modules/get-proto
2306 silly ADD node_modules/get-own-enumerable-keys
2307 silly ADD node_modules/get-nonce
2308 silly ADD node_modules/get-intrinsic
2309 silly ADD node_modules/get-east-asian-width
2310 silly ADD node_modules/gensync
2311 silly ADD node_modules/generator-function
2312 silly ADD node_modules/fuzzysort
2313 silly ADD node_modules/functions-have-names
2314 silly ADD node_modules/function.prototype.name
2315 silly ADD node_modules/function-bind
2316 silly ADD node_modules/fs-extra
2317 silly ADD node_modules/fresh
2318 silly ADD node_modules/framer-motion
2319 silly ADD node_modules/forwarded
2320 silly ADD node_modules/form-data
2321 silly ADD node_modules/form-data/node_modules/mime-types
2322 silly ADD node_modules/form-data/node_modules/mime-db
2323 silly ADD node_modules/for-each
2324 silly ADD node_modules/follow-redirects
2325 silly ADD node_modules/flatted
2326 silly ADD node_modules/flat-cache
2327 silly ADD node_modules/find-up
2328 silly ADD node_modules/finalhandler
2329 silly ADD node_modules/fill-range
2330 silly ADD node_modules/file-entry-cache
2331 silly ADD node_modules/figures
2332 silly ADD node_modules/fastq
2333 silly ADD node_modules/fast-uri
2334 silly ADD node_modules/fast-levenshtein
2335 silly ADD node_modules/fast-json-stable-stringify
2336 silly ADD node_modules/fast-glob
2337 silly ADD node_modules/fast-glob/node_modules/glob-parent
2338 silly ADD node_modules/fast-deep-equal
2339 silly ADD node_modules/express-rate-limit
2340 silly ADD node_modules/express
2341 silly ADD node_modules/execa
2342 silly ADD node_modules/eventsource-parser
2343 silly ADD node_modules/eventsource
2344 silly ADD node_modules/etag
2345 silly ADD node_modules/esutils
2346 silly ADD node_modules/estraverse
2347 silly ADD node_modules/esrecurse
2348 silly ADD node_modules/esquery
2349 silly ADD node_modules/esprima
2350 silly ADD node_modules/espree
2351 silly ADD node_modules/eslint-visitor-keys
2352 silly ADD node_modules/eslint-scope
2353 silly ADD node_modules/eslint-plugin-react-hooks
2354 silly ADD node_modules/eslint-plugin-react
2355 silly ADD node_modules/eslint-plugin-jsx-a11y
2356 silly ADD node_modules/eslint-plugin-import
2357 silly ADD node_modules/eslint-plugin-import/node_modules/debug
2358 silly ADD node_modules/eslint-module-utils
2359 silly ADD node_modules/eslint-module-utils/node_modules/debug
2360 silly ADD node_modules/eslint-import-resolver-typescript
2361 silly ADD node_modules/eslint-import-resolver-node
2362 silly ADD node_modules/eslint-import-resolver-node/node_modules/debug
2363 silly ADD node_modules/eslint-config-next
2364 silly ADD node_modules/eslint-config-next/node_modules/globals
2365 silly ADD node_modules/eslint
2366 silly ADD node_modules/escape-string-regexp
2367 silly ADD node_modules/escape-html
2368 silly ADD node_modules/escalade
2369 silly ADD node_modules/es-to-primitive
2370 silly ADD node_modules/es-shim-unscopables
2371 silly ADD node_modules/es-set-tostringtag
2372 silly ADD node_modules/es-object-atoms
2373 silly ADD node_modules/es-iterator-helpers
2374 silly ADD node_modules/es-errors
2375 silly ADD node_modules/es-define-property
2376 silly ADD node_modules/es-abstract
2377 silly ADD node_modules/error-ex
2378 silly ADD node_modules/env-paths
2379 silly ADD node_modules/enquirer
2380 silly ADD node_modules/enhanced-resolve
2381 silly ADD node_modules/encodeurl
2382 silly ADD node_modules/emoji-regex
2383 silly ADD node_modules/electron-to-chromium
2384 silly ADD node_modules/ee-first
2385 silly ADD node_modules/eciesjs
2386 silly ADD node_modules/dunder-proto
2387 silly ADD node_modules/dotenv
2388 silly ADD node_modules/dompurify
2389 silly ADD node_modules/doctrine
2390 silly ADD node_modules/diff
2391 silly ADD node_modules/detect-node-es
2392 silly ADD node_modules/detect-libc
2393 silly ADD node_modules/depd
2394 silly ADD node_modules/delayed-stream
2395 silly ADD node_modules/define-properties
2396 silly ADD node_modules/define-lazy-prop
2397 silly ADD node_modules/define-data-property
2398 silly ADD node_modules/default-browser-id
2399 silly ADD node_modules/default-browser
2400 silly ADD node_modules/deepmerge
2401 silly ADD node_modules/deep-is
2402 silly ADD node_modules/dedent
2403 silly ADD node_modules/debug
2404 silly ADD node_modules/date-fns-jalali
2405 silly ADD node_modules/date-fns
2406 silly ADD node_modules/data-view-byte-offset
2407 silly ADD node_modules/data-view-byte-length
2408 silly ADD node_modules/data-view-buffer
2409 silly ADD node_modules/damerau-levenshtein
2410 silly ADD node_modules/csstype
2411 silly ADD node_modules/cssesc
2412 silly ADD node_modules/cross-spawn
2413 silly ADD node_modules/cosmiconfig
2414 silly ADD node_modules/cors
2415 silly ADD node_modules/cookie-signature
2416 silly ADD node_modules/cookie
2417 silly ADD node_modules/convert-source-map
2418 silly ADD node_modules/content-type
2419 silly ADD node_modules/content-disposition
2420 silly ADD node_modules/concat-map
2421 silly ADD node_modules/commander
2422 silly ADD node_modules/combined-stream
2423 silly ADD node_modules/color-name
2424 silly ADD node_modules/color-convert
2425 silly ADD node_modules/code-block-writer
2426 silly ADD node_modules/clsx
2427 silly ADD node_modules/client-only
2428 silly ADD node_modules/cli-spinners
2429 silly ADD node_modules/cli-cursor
2430 silly ADD node_modules/class-variance-authority
2431 silly ADD node_modules/chalk
2432 silly ADD node_modules/caniuse-lite
2433 silly ADD node_modules/callsites
2434 silly ADD node_modules/call-bound
2435 silly ADD node_modules/call-bind-apply-helpers
2436 silly ADD node_modules/call-bind
2437 silly ADD node_modules/bytes
2438 silly ADD node_modules/bundle-name
2439 silly ADD node_modules/browserslist
2440 silly ADD node_modules/braces
2441 silly ADD node_modules/brace-expansion
2442 silly ADD node_modules/body-parser
2443 silly ADD node_modules/baseline-browser-mapping
2444 silly ADD node_modules/balanced-match
2445 silly ADD node_modules/axobject-query
2446 silly ADD node_modules/axios
2447 silly ADD node_modules/axios/node_modules/https-proxy-agent
2448 silly ADD node_modules/axios/node_modules/agent-base
2449 silly ADD node_modules/axe-core
2450 silly ADD node_modules/available-typed-arrays
2451 silly ADD node_modules/asynckit
2452 silly ADD node_modules/async-function
2453 silly ADD node_modules/ast-types-flow
2454 silly ADD node_modules/ast-types
2455 silly ADD node_modules/arraybuffer.prototype.slice
2456 silly ADD node_modules/array.prototype.tosorted
2457 silly ADD node_modules/array.prototype.flatmap
2458 silly ADD node_modules/array.prototype.flat
2459 silly ADD node_modules/array.prototype.findlastindex
2460 silly ADD node_modules/array.prototype.findlast
2461 silly ADD node_modules/array-includes
2462 silly ADD node_modules/array-buffer-byte-length
2463 silly ADD node_modules/aria-query
2464 silly ADD node_modules/aria-hidden
2465 silly ADD node_modules/argparse
2466 silly ADD node_modules/ansi-styles
2467 silly ADD node_modules/ansi-regex
2468 silly ADD node_modules/ansi-colors
2469 silly ADD node_modules/ajv-formats
2470 silly ADD node_modules/ajv-formats/node_modules/json-schema-traverse
2471 silly ADD node_modules/ajv-formats/node_modules/ajv
2472 silly ADD node_modules/ajv
2473 silly ADD node_modules/acorn-jsx
2474 silly ADD node_modules/acorn
2475 silly ADD node_modules/accepts
2476 silly ADD node_modules/@unrs/resolver-binding-win32-x64-msvc
2477 silly ADD node_modules/@typescript-eslint/visitor-keys
2478 silly ADD node_modules/@typescript-eslint/visitor-keys/node_modules/eslint-visitor-keys
2479 silly ADD node_modules/@typescript-eslint/utils
2480 silly ADD node_modules/@typescript-eslint/typescript-estree
2481 silly ADD node_modules/@typescript-eslint/typescript-estree/node_modules/semver
2482 silly ADD node_modules/@typescript-eslint/typescript-estree/node_modules/minimatch
2483 silly ADD node_modules/@typescript-eslint/typescript-estree/node_modules/brace-expansion
2484 silly ADD node_modules/@typescript-eslint/typescript-estree/node_modules/balanced-match
2485 silly ADD node_modules/@typescript-eslint/types
2486 silly ADD node_modules/@typescript-eslint/type-utils
2487 silly ADD node_modules/@typescript-eslint/tsconfig-utils
2488 silly ADD node_modules/@typescript-eslint/scope-manager
2489 silly ADD node_modules/@typescript-eslint/project-service
2490 silly ADD node_modules/@typescript-eslint/parser
2491 silly ADD node_modules/@typescript-eslint/eslint-plugin
2492 silly ADD node_modules/@typescript-eslint/eslint-plugin/node_modules/ignore
2493 silly ADD node_modules/@types/validate-npm-package-name
2494 silly ADD node_modules/@types/trusted-types
2495 silly ADD node_modules/@types/react-dom
2496 silly ADD node_modules/@types/react
2497 silly ADD node_modules/@types/node
2498 silly ADD node_modules/@types/json5
2499 silly ADD node_modules/@types/json-schema
2500 silly ADD node_modules/@types/estree
2501 silly ADD node_modules/@ts-morph/common
2502 silly ADD node_modules/@ts-morph/common/node_modules/minimatch
2503 silly ADD node_modules/@ts-morph/common/node_modules/glob-parent
2504 silly ADD node_modules/@ts-morph/common/node_modules/fast-glob
2505 silly ADD node_modules/@ts-morph/common/node_modules/brace-expansion
2506 silly ADD node_modules/@ts-morph/common/node_modules/balanced-match
2507 silly ADD node_modules/@tailwindcss/postcss
2508 silly ADD node_modules/@tailwindcss/oxide-win32-x64-msvc
2509 silly ADD node_modules/@tailwindcss/oxide
2510 silly ADD node_modules/@tailwindcss/node
2511 silly ADD node_modules/@swc/helpers
2512 silly ADD node_modules/@standard-schema/utils
2513 silly ADD node_modules/@sindresorhus/merge-streams
2514 silly ADD node_modules/@sec-ant/readable-stream
2515 silly ADD node_modules/@rtsao/scc
2516 silly ADD node_modules/@radix-ui/rect
2517 silly ADD node_modules/@radix-ui/react-visually-hidden
2518 silly ADD node_modules/@radix-ui/react-use-size
2519 silly ADD node_modules/@radix-ui/react-use-rect
2520 silly ADD node_modules/@radix-ui/react-use-previous
2521 silly ADD node_modules/@radix-ui/react-use-layout-effect
2522 silly ADD node_modules/@radix-ui/react-use-is-hydrated
2523 silly ADD node_modules/@radix-ui/react-use-escape-keydown
2524 silly ADD node_modules/@radix-ui/react-use-effect-event
2525 silly ADD node_modules/@radix-ui/react-use-controllable-state
2526 silly ADD node_modules/@radix-ui/react-use-callback-ref
2527 silly ADD node_modules/@radix-ui/react-tooltip
2528 silly ADD node_modules/@radix-ui/react-toolbar
2529 silly ADD node_modules/@radix-ui/react-toggle-group
2530 silly ADD node_modules/@radix-ui/react-toggle
2531 silly ADD node_modules/@radix-ui/react-toast
2532 silly ADD node_modules/@radix-ui/react-tabs
2533 silly ADD node_modules/@radix-ui/react-switch
2534 silly ADD node_modules/@radix-ui/react-slot
2535 silly ADD node_modules/@radix-ui/react-slider
2536 silly ADD node_modules/@radix-ui/react-separator
2537 silly ADD node_modules/@radix-ui/react-select
2538 silly ADD node_modules/@radix-ui/react-scroll-area
2539 silly ADD node_modules/@radix-ui/react-roving-focus
2540 silly ADD node_modules/@radix-ui/react-radio-group
2541 silly ADD node_modules/@radix-ui/react-progress
2542 silly ADD node_modules/@radix-ui/react-primitive
2543 silly ADD node_modules/@radix-ui/react-presence
2544 silly ADD node_modules/@radix-ui/react-portal
2545 silly ADD node_modules/@radix-ui/react-popper
2546 silly ADD node_modules/@radix-ui/react-popover
2547 silly ADD node_modules/@radix-ui/react-password-toggle-field
2548 silly ADD node_modules/@radix-ui/react-one-time-password-field
2549 silly ADD node_modules/@radix-ui/react-navigation-menu
2550 silly ADD node_modules/@radix-ui/react-menubar
2551 silly ADD node_modules/@radix-ui/react-menu
2552 silly ADD node_modules/@radix-ui/react-label
2553 silly ADD node_modules/@radix-ui/react-id
2554 silly ADD node_modules/@radix-ui/react-hover-card
2555 silly ADD node_modules/@radix-ui/react-form
2556 silly ADD node_modules/@radix-ui/react-focus-scope
2557 silly ADD node_modules/@radix-ui/react-focus-guards
2558 silly ADD node_modules/@radix-ui/react-dropdown-menu
2559 silly ADD node_modules/@radix-ui/react-dismissable-layer
2560 silly ADD node_modules/@radix-ui/react-direction
2561 silly ADD node_modules/@radix-ui/react-dialog
2562 silly ADD node_modules/@radix-ui/react-context-menu
2563 silly ADD node_modules/@radix-ui/react-context
2564 silly ADD node_modules/@radix-ui/react-compose-refs
2565 silly ADD node_modules/@radix-ui/react-collection
2566 silly ADD node_modules/@radix-ui/react-collapsible
2567 silly ADD node_modules/@radix-ui/react-checkbox
2568 silly ADD node_modules/@radix-ui/react-avatar
2569 silly ADD node_modules/@radix-ui/react-aspect-ratio
2570 silly ADD node_modules/@radix-ui/react-arrow
2571 silly ADD node_modules/@radix-ui/react-alert-dialog
2572 silly ADD node_modules/@radix-ui/react-accordion
2573 silly ADD node_modules/@radix-ui/react-accessible-icon
2574 silly ADD node_modules/@radix-ui/primitive
2575 silly ADD node_modules/@radix-ui/number
2576 silly ADD node_modules/@nolyfill/is-core-module
2577 silly ADD node_modules/@nodelib/fs.walk
2578 silly ADD node_modules/@nodelib/fs.stat
2579 silly ADD node_modules/@nodelib/fs.scandir
2580 silly ADD node_modules/@noble/hashes
2581 silly ADD node_modules/@noble/curves
2582 silly ADD node_modules/@noble/ciphers
2583 silly ADD node_modules/@next/swc-win32-x64-msvc
2584 silly ADD node_modules/@next/eslint-plugin-next
2585 silly ADD node_modules/@next/env
2586 silly ADD node_modules/@modelcontextprotocol/sdk
2587 silly ADD node_modules/@modelcontextprotocol/sdk/node_modules/json-schema-traverse
2588 silly ADD node_modules/@modelcontextprotocol/sdk/node_modules/ajv
2589 silly ADD node_modules/@jridgewell/trace-mapping
2590 silly ADD node_modules/@jridgewell/sourcemap-codec
2591 silly ADD node_modules/@jridgewell/resolve-uri
2592 silly ADD node_modules/@jridgewell/remapping
2593 silly ADD node_modules/@jridgewell/gen-mapping
2594 silly ADD node_modules/@img/sharp-win32-x64
2595 silly ADD node_modules/@img/colour
2596 silly ADD node_modules/@humanwhocodes/retry
2597 silly ADD node_modules/@humanwhocodes/module-importer
2598 silly ADD node_modules/@humanfs/types
2599 silly ADD node_modules/@humanfs/node
2600 silly ADD node_modules/@humanfs/core
2601 silly ADD node_modules/@hookform/resolvers
2602 silly ADD node_modules/@hono/node-server
2603 silly ADD node_modules/@floating-ui/utils
2604 silly ADD node_modules/@floating-ui/react-dom
2605 silly ADD node_modules/@floating-ui/dom
2606 silly ADD node_modules/@floating-ui/core
2607 silly ADD node_modules/@eslint/plugin-kit
2608 silly ADD node_modules/@eslint/object-schema
2609 silly ADD node_modules/@eslint/js
2610 silly ADD node_modules/@eslint/eslintrc
2611 silly ADD node_modules/@eslint/core
2612 silly ADD node_modules/@eslint/config-helpers
2613 silly ADD node_modules/@eslint/config-array
2614 silly ADD node_modules/@eslint-community/regexpp
2615 silly ADD node_modules/@eslint-community/eslint-utils
2616 silly ADD node_modules/@eslint-community/eslint-utils/node_modules/eslint-visitor-keys
2617 silly ADD node_modules/@ecies/ciphers
2618 silly ADD node_modules/@dotenvx/dotenvx
2619 silly ADD node_modules/@dotenvx/dotenvx/node_modules/which
2620 silly ADD node_modules/@dotenvx/dotenvx/node_modules/strip-final-newline
2621 silly ADD node_modules/@dotenvx/dotenvx/node_modules/signal-exit
2622 silly ADD node_modules/@dotenvx/dotenvx/node_modules/picomatch
2623 silly ADD node_modules/@dotenvx/dotenvx/node_modules/onetime
2624 silly ADD node_modules/@dotenvx/dotenvx/node_modules/npm-run-path
2625 silly ADD node_modules/@dotenvx/dotenvx/node_modules/isexe
2626 silly ADD node_modules/@dotenvx/dotenvx/node_modules/is-stream
2627 silly ADD node_modules/@dotenvx/dotenvx/node_modules/human-signals
2628 silly ADD node_modules/@dotenvx/dotenvx/node_modules/get-stream
2629 silly ADD node_modules/@dotenvx/dotenvx/node_modules/fdir
2630 silly ADD node_modules/@dotenvx/dotenvx/node_modules/execa
2631 silly ADD node_modules/@dotenvx/dotenvx/node_modules/commander
2632 silly ADD node_modules/@babel/types
2633 silly ADD node_modules/@babel/traverse
2634 silly ADD node_modules/@babel/template
2635 silly ADD node_modules/@babel/preset-typescript
2636 silly ADD node_modules/@babel/plugin-transform-typescript
2637 silly ADD node_modules/@babel/plugin-transform-modules-commonjs
2638 silly ADD node_modules/@babel/plugin-syntax-typescript
2639 silly ADD node_modules/@babel/plugin-syntax-jsx
2640 silly ADD node_modules/@babel/parser
2641 silly ADD node_modules/@babel/helpers
2642 silly ADD node_modules/@babel/helper-validator-option
2643 silly ADD node_modules/@babel/helper-validator-identifier
2644 silly ADD node_modules/@babel/helper-string-parser
2645 silly ADD node_modules/@babel/helper-skip-transparent-expression-wrappers
2646 silly ADD node_modules/@babel/helper-replace-supers
2647 silly ADD node_modules/@babel/helper-plugin-utils
2648 silly ADD node_modules/@babel/helper-optimise-call-expression
2649 silly ADD node_modules/@babel/helper-module-transforms
2650 silly ADD node_modules/@babel/helper-module-imports
2651 silly ADD node_modules/@babel/helper-member-expression-to-functions
2652 silly ADD node_modules/@babel/helper-globals
2653 silly ADD node_modules/@babel/helper-create-class-features-plugin
2654 silly ADD node_modules/@babel/helper-compilation-targets
2655 silly ADD node_modules/@babel/helper-annotate-as-pure
2656 silly ADD node_modules/@babel/generator
2657 silly ADD node_modules/@babel/core
2658 silly ADD node_modules/@babel/compat-data
2659 silly ADD node_modules/@babel/code-frame
2660 silly ADD node_modules/@alloc/quick-lru
2661 verbose cwd D:\GitHub\dentotime\frontend
2662 verbose os Windows_NT 10.0.26200
2663 verbose node v24.16.0
2664 verbose npm  v11.17.0
2665 notice
2665 notice New major version of npm available! 11.17.0 -> 12.0.2
2665 notice Changelog: https://github.com/npm/cli/releases/tag/v12.0.2
2665 notice To update run: npm install -g npm@12.0.2
2665 notice  { force: true, Symbol(proc-log.meta): true }
2666 verbose exit 0
2667 info ok
